Full Date,New Time,Week,City,Home Team,Winner
2008-09-04,7,1,New York,Giants,Giants
2008-09-07,1,1,Philadelphia,Eagles,Eagles
2008-09-07,1,1,Miami,Dolphins,Jets
2008-09-07,1,1,New England,Patriots,Patriots
2008-09-07,1,1,Pittsburgh,Steelers,Steelers
2008-09-07,1,1,Buffalo,Bills,Bills
2008-09-07,1,1,Tennessee,Titans,Titans
2008-09-07,1,1,Baltimore,Ravens,Ravens
2008-09-07,4,1,San Diego,Chargers,Panthers
2008-09-07,4,1,Cleveland,Browns,Cowboys
2008-09-07,4,1,San Francisco,49ers,Cardinals
2008-09-07,8,1,Indianapolis,Colts,Bears
2008-09-08,7,1,Green Bay,Packers,Packers
2008-09-08,10,1,Oakland,Raiders,Broncos
2008-09-14,1,2,St. Louis,Rams,Giants
2008-09-14,1,2,Kansas City,Chiefs,Raiders
2008-09-14,1,2,Cincinnati,Bengals,Titans
2008-09-14,1,2,Washington,Redskins,Redskins
2008-09-14,1,2,Jacksonville,Jaguars,Bills
2008-09-14,1,2,Carolina,Panthers,Panthers
2008-09-14,4,2,Tampa Bay,Buccaneers,Buccaneers
2008-09-14,4,2,Seattle,Seahawks,49ers
2008-09-14,4,2,Denver,Broncos,Broncos
2008-09-14,4,2,New York,Jets,Patriots
2008-09-14,4,2,Arizona,Cardinals,Cardinals
2008-09-14,8,2,Cleveland,Browns,Steelers
2008-09-21,1,3,Tennessee,Titans,Titans
2008-09-21,1,3,New York,Giants,Giants
2008-09-21,1,3,Washington,Redskins,Redskins
2008-09-21,1,3,Buffalo,Bills,Bills
2008-09-21,1,3,New England,Patriots,Dolphins
2008-09-21,1,3,Chicago,Bears,Buccaneers
2008-09-21,4,3,Denver,Broncos,Broncos
2008-09-21,4,3,San Francisco,49ers,49ers
2008-09-21,4,3,Seattle,Seahawks,Seahawks
2008-09-21,4,3,Philadelphia,Eagles,Eagles
2008-09-21,4,3,Indianapolis,Colts,Jaguars
2008-09-21,4,3,Baltimore,Ravens,Ravens
2008-09-21,8,3,Green Bay,Packers,Cowboys
2008-09-22,8,3,San Diego,Chargers,Chargers
2008-09-28,1,4,Kansas City,Chiefs,Chiefs
2008-09-28,1,4,Jacksonville,Jaguars,Jaguars
2008-09-28,1,4,Cincinnati,Bengals,Browns
2008-09-28,1,4,New York,Jets,Jets
2008-09-28,1,4,Tampa Bay,Buccaneers,Buccaneers
2008-09-28,1,4,Tennessee,Titans,Titans
2008-09-28,1,4,Carolina,Panthers,Panthers
2008-09-28,4,4,Oakland,Raiders,Chargers
2008-09-28,4,4,St. Louis,Rams,Bills
2008-09-28,8,4,Chicago,Bears,Bears
2008-09-29,8,4,Pittsburgh,Steelers,Steelers
2008-10-05,1,5,Baltimore,Ravens,Titans
2008-10-05,1,5,Green Bay,Packers,Falcons
2008-10-05,1,5,New York,Giants,Giants
2008-10-05,1,5,Miami,Dolphins,Dolphins
2008-10-05,1,5,Carolina,Panthers,Panthers
2008-10-05,1,5,Philadelphia,Eagles,Redskins
2008-10-05,4,5,Denver,Broncos,Broncos
2008-10-05,4,5,San Francisco,49ers,Patriots
2008-10-05,4,5,Arizona,Cardinals,Cardinals
2008-10-05,8,5,Jacksonville,Jaguars,Steelers
2008-10-12,1,6,Indianapolis,Colts,Colts
2008-10-12,1,6,Tampa Bay,Buccaneers,Buccaneers
2008-10-12,1,6,New York,Jets,Jets
2008-10-12,1,6,Washington,Redskins,Rams
2008-10-12,4,6,Denver,Broncos,Jaguars
2008-10-12,4,6,Arizona,Cardinals,Cardinals
2008-10-12,4,6,San Francisco,49ers,Eagles
2008-10-12,4,6,Seattle,Seahawks,Packers
2008-10-12,8,6,San Diego,Chargers,Chargers
2008-10-13,8,6,Cleveland,Browns,Browns
2008-10-19,1,7,Kansas City,Chiefs,Titans
2008-10-19,1,7,St. Louis,Rams,Rams
2008-10-19,1,7,Miami,Dolphins,Ravens
2008-10-19,1,7,Buffalo,Bills,Bills
2008-10-19,1,7,New York,Giants,Giants
2008-10-19,1,7,Chicago,Bears,Bears
2008-10-19,1,7,Cincinnati,Bengals,Steelers
2008-10-19,1,7,Carolina,Panthers,Panthers
2008-10-19,4,7,Oakland,Raiders,Raiders
2008-10-19,4,7,Green Bay,Packers,Packers
2008-10-19,4,7,Washington,Redskins,Redskins
2008-10-19,8,7,Tampa Bay,Buccaneers,Buccaneers
2008-10-20,8,7,New England,Patriots,Patriots
2008-10-26,1,8,Baltimore,Ravens,Ravens
2008-10-26,1,8,New England,Patriots,Patriots
2008-10-26,1,8,Philadelphia,Eagles,Eagles
2008-10-26,1,8,Carolina,Panthers,Panthers
2008-10-26,1,8,New York,Jets,Jets
2008-10-26,1,8,Miami,Dolphins,Dolphins
2008-10-26,4,8,Jacksonville,Jaguars,Browns
2008-10-26,4,8,San Francisco,49ers,Seahawks
2008-10-26,4,8,Pittsburgh,Steelers,Giants
2008-10-27,8,8,Tennessee,Titans,Titans
2008-11-02,1,9,St. Louis,Rams,Cardinals
2008-11-02,1,9,Chicago,Bears,Bears
2008-11-02,1,9,Tennessee,Titans,Titans
2008-11-02,1,9,Cleveland,Browns,Ravens
2008-11-02,1,9,Buffalo,Bills,Jets
2008-11-02,1,9,Cincinnati,Bengals,Bengals
2008-11-02,1,9,Kansas City,Chiefs,Buccaneers
2008-11-02,4,9,Denver,Broncos,Dolphins
2008-11-02,4,9,Oakland,Raiders,Falcons
2008-11-02,4,9,New York,Giants,Giants
2008-11-02,4,9,Seattle,Seahawks,Eagles
2008-11-02,8,9,Indianapolis,Colts,Colts
2008-11-03,8,9,Washington,Redskins,Steelers
2008-11-06,8,10,Cleveland,Browns,Broncos
2008-11-09,1,10,New England,Patriots,Patriots
2008-11-09,1,10,Chicago,Bears,Titans
2008-11-09,1,10,New York,Jets,Jets
2008-11-09,1,10,Miami,Dolphins,Dolphins
2008-11-09,4,10,Oakland,Raiders,Panthers
2008-11-09,4,10,Pittsburgh,Steelers,Colts
2008-11-09,4,10,San Diego,Chargers,Chargers
2008-11-09,8,10,Philadelphia,Eagles,Giants
2008-11-10,8,10,Arizona,Cardinals,Cardinals
2008-11-13,8,11,New England,Patriots,Jets
2008-11-16,1,11,Kansas City,Chiefs,Saints
2008-11-16,1,11,New York,Giants,Giants
2008-11-16,1,11,Green Bay,Packers,Packers
2008-11-16,1,11,Miami,Dolphins,Dolphins
2008-11-16,1,11,Tampa Bay,Buccaneers,Buccaneers
2008-11-16,1,11,Indianapolis,Colts,Colts
2008-11-16,1,11,Cincinnati,Bengals,Eagles
2008-11-16,1,11,Carolina,Panthers,Panthers
2008-11-16,4,11,San Francisco,49ers,49ers
2008-11-16,4,11,Seattle,Seahawks,Cardinals
2008-11-16,4,11,Jacksonville,Jaguars,Titans
2008-11-16,4,11,Pittsburgh,Steelers,Steelers
2008-11-16,8,11,Washington,Redskins,Cowboys
2008-11-17,8,11,Buffalo,Bills,Browns
2008-11-20,8,12,Pittsburgh,Steelers,Steelers
2008-11-23,1,12,Kansas City,Chiefs,Bills
2008-11-23,1,12,St. Louis,Rams,Bears
2008-11-23,1,12,Tennessee,Titans,Jets
2008-11-23,1,12,Baltimore,Ravens,Ravens
2008-11-23,1,12,Miami,Dolphins,Patriots
2008-11-23,1,12,Cleveland,Browns,Texans
2008-11-23,1,12,Jacksonville,Jaguars,Vikings
2008-11-23,4,12,Denver,Broncos,Raiders
2008-11-23,4,12,Seattle,Seahawks,Redskins
2008-11-23,4,12,Arizona,Cardinals,Giants
2008-11-23,8,12,San Diego,Chargers,Colts
2008-11-27,8,13,Philadelphia,Eagles,Eagles
2008-11-30,1,13,St. Louis,Rams,Dolphins
2008-11-30,1,13,Buffalo,Bills,49ers
2008-11-30,1,13,Tampa Bay,Buccaneers,Buccaneers
2008-11-30,1,13,Cleveland,Browns,Colts
2008-11-30,1,13,Cincinnati,Bengals,Ravens
2008-11-30,1,13,Green Bay,Packers,Panthers
2008-11-30,1,13,Washington,Redskins,Giants
2008-11-30,4,13,San Diego,Chargers,Falcons
2008-11-30,4,13,New York,Jets,Broncos
2008-11-30,4,13,Oakland,Raiders,Chiefs
2008-11-30,4,13,New England,Patriots,Steelers
2008-12-04,8,14,San Diego,Chargers,Chargers
2008-12-07,1,14,Chicago,Bears,Bears
2008-12-07,1,14,Indianapolis,Colts,Colts
2008-12-07,1,14,Green Bay,Packers,Texans
2008-12-07,1,14,Tennessee,Titans,Titans
2008-12-07,1,14,New York,Giants,Eagles
2008-12-07,4,14,Buffalo,Bills,Dolphins
2008-12-07,4,14,Denver,Broncos,Broncos
2008-12-07,4,14,San Francisco,49ers,49ers
2008-12-07,4,14,Seattle,Seahawks,Patriots
2008-12-07,4,14,Arizona,Cardinals,Cardinals
2008-12-07,4,14,Pittsburgh,Steelers,Steelers
2008-12-07,8,14,Baltimore,Ravens,Ravens
2008-12-08,8,14,Carolina,Panthers,Panthers
2008-12-11,8,15,Chicago,Bears,Bears
2008-12-14,1,15,St. Louis,Rams,Seahawks
2008-12-14,1,15,Kansas City,Chiefs,Chargers
2008-12-14,1,15,Indianapolis,Colts,Colts
2008-12-14,1,15,New York,Jets,Jets
2008-12-14,1,15,Cincinnati,Bengals,Bengals
2008-12-14,1,15,Miami,Dolphins,Dolphins
2008-12-14,1,15,Jacksonville,Jaguars,Jaguars
2008-12-14,4,15,Arizona,Cardinals,Vikings
2008-12-14,4,15,Oakland,Raiders,Patriots
2008-12-14,4,15,Carolina,Panthers,Panthers
2008-12-14,4,15,Baltimore,Ravens,Steelers
2008-12-15,8,15,Philadelphia,Eagles,Eagles
2008-12-18,8,16,Jacksonville,Jaguars,Colts
2008-12-21,1,16,Kansas City,Chiefs,Dolphins
2008-12-21,1,16,St. Louis,Rams,49ers
2008-12-21,1,16,New England,Patriots,Patriots
2008-12-21,1,16,Tennessee,Titans,Titans
2008-12-21,1,16,Tampa Bay,Buccaneers,Chargers
2008-12-21,1,16,Cleveland,Browns,Bengals
2008-12-21,4,16,Oakland,Raiders,Raiders
2008-12-21,4,16,Denver,Broncos,Bills
2008-12-21,4,16,Seattle,Seahawks,Seahawks
2008-12-21,4,16,Washington,Redskins,Redskins
2008-12-21,8,16,New York,Giants,Giants
2008-12-22,8,16,Chicago,Bears,Bears
2008-12-28,1,17,Green Bay,Packers,Packers
2008-12-28,1,17,Indianapolis,Colts,Colts
2008-12-28,1,17,Buffalo,Bills,Patriots
2008-12-28,1,17,Pittsburgh,Steelers,Steelers
2008-12-28,1,17,Tampa Bay,Buccaneers,Raiders
2008-12-28,1,17,Cincinnati,Bengals,Bengals
2008-12-28,4,17,Arizona,Cardinals,Cardinals
2008-12-28,4,17,Philadelphia,Eagles,Eagles
2008-12-28,4,17,San Francisco,49ers,49ers
2008-12-28,4,17,Baltimore,Ravens,Ravens
2008-12-28,4,17,New York,Jets,Dolphins
2008-12-28,8,17,San Diego,Chargers,Chargers
2008-01-03,4,WildCard,Arizona,Cardinals,Cardinals
2008-01-03,8,WildCard,San Diego,Chargers,Chargers
2008-01-04,1,WildCard,Miami,Dolphins,Ravens
2008-01-10,4,Division,Tennessee,Titans,Ravens
2008-01-10,8,Division,Carolina,Panthers,Cardinals
2008-01-11,1,Division,New York,Giants,Eagles
2008-01-11,4,Division,Pittsburgh,Steelers,Steelers
2008-01-18,4,ConfChamp,Arizona,Cardinals,Cardinals
2008-01-18,6,ConfChamp,Pittsburgh,Steelers,Steelers
2008-02-01,6,SuperBowl,Pittsburgh,Steelers,Steelers
2009-09-10,8,1,Pittsburgh,Steelers,Steelers
2009-09-13,1,1,Indianapolis,Colts,Colts
2009-09-13,1,1,Baltimore,Ravens,Ravens
2009-09-13,1,1,Cincinnati,Bengals,Broncos
2009-09-13,1,1,Cleveland,Browns,Vikings
2009-09-13,1,1,Tampa Bay,Buccaneers,Cowboys
2009-09-13,1,1,Carolina,Panthers,Eagles
2009-09-13,1,1,Arizona,Cardinals,49ers
2009-09-13,4,1,New York,Giants,Giants
2009-09-13,4,1,Seattle,Seahawks,Seahawks
2009-09-13,8,1,Green Bay,Packers,Packers
2009-09-14,7,1,New England,Patriots,Patriots
2009-09-14,10,1,Oakland,Raiders,Chargers
2009-09-20,1,2,Kansas City,Chiefs,Raiders
2009-09-20,1,2,Green Bay,Packers,Bengals
2009-09-20,1,2,New York,Jets,Jets
2009-09-20,1,2,Washington,Redskins,Redskins
2009-09-20,1,2,Tennessee,Titans,Texans
2009-09-20,1,2,Jacksonville,Jaguars,Cardinals
2009-09-20,1,2,Philadelphia,Eagles,Saints
2009-09-20,4,2,San Francisco,49ers,49ers
2009-09-20,4,2,Buffalo,Bills,Bills
2009-09-20,4,2,Denver,Broncos,Broncos
2009-09-20,4,2,San Diego,Chargers,Ravens
2009-09-20,4,2,Chicago,Bears,Bears
2009-09-21,8,2,Miami,Dolphins,Colts
2009-09-27,1,3,St. Louis,Rams,Packers
2009-09-27,1,3,Tampa Bay,Buccaneers,Giants
2009-09-27,1,3,Philadelphia,Eagles,Eagles
2009-09-27,1,3,New England,Patriots,Patriots
2009-09-27,1,3,Baltimore,Ravens,Ravens
2009-09-27,1,3,New York,Jets,Jets
2009-09-27,4,3,Buffalo,Bills,Saints
2009-09-27,4,3,Seattle,Seahawks,Bears
2009-09-27,4,3,San Diego,Chargers,Chargers
2009-09-27,4,3,Cincinnati,Bengals,Bengals
2009-09-27,4,3,Oakland,Raiders,Broncos
2009-09-27,8,3,Arizona,Cardinals,Colts
2009-10-04,1,4,Kansas City,Chiefs,Giants
2009-10-04,1,4,Washington,Redskins,Redskins
2009-10-04,1,4,New England,Patriots,Patriots
2009-10-04,1,4,Chicago,Bears,Bears
2009-10-04,1,4,Indianapolis,Colts,Colts
2009-10-04,1,4,Cleveland,Browns,Bengals
2009-10-04,1,4,Jacksonville,Jaguars,Jaguars
2009-10-04,4,4,Miami,Dolphins,Dolphins
2009-10-04,4,4,Denver,Broncos,Broncos
2009-10-04,4,4,San Francisco,49ers,49ers
2009-10-04,8,4,Pittsburgh,Steelers,Steelers
2009-10-11,1,5,St. Louis,Rams,Vikings
2009-10-11,1,5,Kansas City,Chiefs,Cowboys
2009-10-11,1,5,Buffalo,Bills,Browns
2009-10-11,1,5,Philadelphia,Eagles,Eagles
2009-10-11,1,5,New York,Giants,Giants
2009-10-11,1,5,Baltimore,Ravens,Bengals
2009-10-11,1,5,Carolina,Panthers,Panthers
2009-10-11,4,5,San Francisco,49ers,Falcons
2009-10-11,4,5,Arizona,Cardinals,Cardinals
2009-10-11,4,5,Seattle,Seahawks,Seahawks
2009-10-11,4,5,Denver,Broncos,Broncos
2009-10-11,8,5,Tennessee,Titans,Colts
2009-10-12,8,5,Miami,Dolphins,Dolphins
2009-10-18,1,6,Tampa Bay,Buccaneers,Panthers
2009-10-18,1,6,Pittsburgh,Steelers,Steelers
2009-10-18,1,6,Cincinnati,Bengals,Texans
2009-10-18,1,6,Green Bay,Packers,Packers
2009-10-18,1,6,Jacksonville,Jaguars,Jaguars
2009-10-18,1,6,Washington,Redskins,Chiefs
2009-10-18,4,6,Oakland,Raiders,Raiders
2009-10-18,4,6,Seattle,Seahawks,Cardinals
2009-10-18,4,6,New York,Jets,Bills
2009-10-18,4,6,New England,Patriots,Patriots
2009-10-19,8,6,San Diego,Chargers,Broncos
2009-10-25,1,7,St. Louis,Rams,Colts
2009-10-25,1,7,Kansas City,Chiefs,Chargers
2009-10-25,1,7,Cleveland,Browns,Packers
2009-10-25,1,7,Pittsburgh,Steelers,Steelers
2009-10-25,1,7,Tampa Bay,Buccaneers,Patriots
2009-10-25,4,7,Carolina,Panthers,Bills
2009-10-25,4,7,Oakland,Raiders,Jets
2009-10-25,4,7,Miami,Dolphins,Saints
2009-10-25,4,7,Cincinnati,Bengals,Bengals
2009-10-25,8,7,New York,Giants,Cardinals
2009-10-26,8,7,Washington,Redskins,Eagles
2009-11-01,1,8,Chicago,Bears,Bears
2009-11-01,1,8,New York,Jets,Dolphins
2009-11-01,1,8,Baltimore,Ravens,Ravens
2009-11-01,1,8,Buffalo,Bills,Texans
2009-11-01,1,8,Indianapolis,Colts,Colts
2009-11-01,1,8,Philadelphia,Eagles,Eagles
2009-11-01,4,8,Tennessee,Titans,Titans
2009-11-01,4,8,San Diego,Chargers,Chargers
2009-11-01,4,8,Green Bay,Packers,Vikings
2009-11-01,4,8,Arizona,Cardinals,Panthers
2009-11-08,1,9,New England,Patriots,Patriots
2009-11-08,1,9,Cincinnati,Bengals,Bengals
2009-11-08,1,9,Indianapolis,Colts,Colts
2009-11-08,1,9,Chicago,Bears,Cardinals
2009-11-08,1,9,Jacksonville,Jaguars,Jaguars
2009-11-08,1,9,Tampa Bay,Buccaneers,Buccaneers
2009-11-08,4,9,Seattle,Seahawks,Seahawks
2009-11-08,4,9,San Francisco,49ers,Titans
2009-11-08,4,9,New York,Giants,Chargers
2009-11-08,8,9,Philadelphia,Eagles,Cowboys
2009-11-09,8,9,Denver,Broncos,Steelers
2009-11-12,8,10,San Francisco,49ers,49ers
2009-11-15,1,10,St. Louis,Rams,Saints
2009-11-15,1,10,New York,Jets,Jaguars
2009-11-15,1,10,Pittsburgh,Steelers,Bengals
2009-11-15,1,10,Washington,Redskins,Redskins
2009-11-15,1,10,Tennessee,Titans,Titans
2009-11-15,1,10,Carolina,Panthers,Panthers
2009-11-15,1,10,Miami,Dolphins,Dolphins
2009-11-15,4,10,Oakland,Raiders,Chiefs
2009-11-15,4,10,San Diego,Chargers,Chargers
2009-11-15,4,10,Arizona,Cardinals,Cardinals
2009-11-15,4,10,Green Bay,Packers,Packers
2009-11-15,8,10,Indianapolis,Colts,Colts
2009-11-16,8,10,Cleveland,Browns,Ravens
2009-11-19,8,11,Carolina,Panthers,Dolphins
2009-11-22,1,11,Kansas City,Chiefs,Chiefs
2009-11-22,1,11,Tampa Bay,Buccaneers,Saints
2009-11-22,1,11,Baltimore,Ravens,Colts
2009-11-22,1,11,Green Bay,Packers,Packers
2009-11-22,1,11,Jacksonville,Jaguars,Jaguars
2009-11-22,1,11,New York,Giants,Giants
2009-11-22,4,11,St. Louis,Rams,Cardinals
2009-11-22,4,11,Denver,Broncos,Chargers
2009-11-22,4,11,New England,Patriots,Patriots
2009-11-22,4,11,Oakland,Raiders,Raiders
2009-11-22,8,11,Chicago,Bears,Eagles
2009-11-26,8,12,Denver,Broncos,Broncos
2009-11-29,1,12,St. Louis,Rams,Seahawks
2009-11-29,1,12,Cincinnati,Bengals,Bengals
2009-11-29,1,12,Buffalo,Bills,Bills
2009-11-29,1,12,New York,Jets,Jets
2009-11-29,1,12,Philadelphia,Eagles,Eagles
2009-11-29,4,12,San Francisco,49ers,49ers
2009-11-29,4,12,San Diego,Chargers,Chargers
2009-11-29,4,12,Tennessee,Titans,Titans
2009-11-29,8,12,Baltimore,Ravens,Ravens
2009-12-03,8,13,Buffalo,Bills,Jets
2009-12-06,1,13,Kansas City,Chiefs,Broncos
2009-12-06,1,13,Chicago,Bears,Bears
2009-12-06,1,13,Pittsburgh,Steelers,Raiders
2009-12-06,1,13,Cincinnati,Bengals,Bengals
2009-12-06,1,13,Miami,Dolphins,Dolphins
2009-12-06,1,13,Carolina,Panthers,Panthers
2009-12-06,1,13,Washington,Redskins,Saints
2009-12-06,1,13,Indianapolis,Colts,Colts
2009-12-06,1,13,Jacksonville,Jaguars,Jaguars
2009-12-06,4,13,Cleveland,Browns,Chargers
2009-12-06,4,13,New York,Giants,Giants
2009-12-06,4,13,Seattle,Seahawks,Seahawks
2009-12-06,8,13,Arizona,Cardinals,Cardinals
2009-12-07,8,13,Green Bay,Packers,Packers
2009-12-10,8,14,Cleveland,Browns,Browns
2009-12-13,1,14,Kansas City,Chiefs,Bills
2009-12-13,1,14,Tampa Bay,Buccaneers,Jets
2009-12-13,1,14,Baltimore,Ravens,Ravens
2009-12-13,1,14,New England,Patriots,Patriots
2009-12-13,1,14,Chicago,Bears,Packers
2009-12-13,1,14,Indianapolis,Colts,Colts
2009-12-13,1,14,Jacksonville,Jaguars,Dolphins
2009-12-13,4,14,Tennessee,Titans,Titans
2009-12-13,4,14,Oakland,Raiders,Redskins
2009-12-13,8,14,New York,Giants,Eagles
2009-12-14,8,14,San Francisco,49ers,49ers
2009-12-17,8,15,Jacksonville,Jaguars,Colts
2009-12-20,1,15,St. Louis,Rams,Texans
2009-12-20,1,15,Kansas City,Chiefs,Browns
2009-12-20,1,15,Tennessee,Titans,Titans
2009-12-20,1,15,Buffalo,Bills,Patriots
2009-12-20,1,15,New York,Jets,Falcons
2009-12-20,4,15,San Diego,Chargers,Chargers
2009-12-20,4,15,Denver,Broncos,Raiders
2009-12-20,4,15,Pittsburgh,Steelers,Steelers
2009-12-20,4,15,Baltimore,Ravens,Ravens
2009-12-20,4,15,Philadelphia,Eagles,Eagles
2009-12-20,4,15,Seattle,Seahawks,Buccaneers
2009-12-20,8,15,Carolina,Panthers,Panthers
2009-12-21,8,15,Washington,Redskins,Giants
2009-12-25,7,16,Tennessee,Titans,Chargers
2009-12-27,1,16,Cleveland,Browns,Browns
2009-12-27,1,16,New England,Patriots,Patriots
2009-12-27,1,16,Miami,Dolphins,Texans
2009-12-27,1,16,Pittsburgh,Steelers,Steelers
2009-12-27,1,16,Green Bay,Packers,Packers
2009-12-27,1,16,Cincinnati,Bengals,Bengals
2009-12-27,1,16,New York,Giants,Panthers
2009-12-27,4,16,San Francisco,49ers,49ers
2009-12-27,4,16,Arizona,Cardinals,Cardinals
2009-12-27,4,16,Philadelphia,Eagles,Eagles
2009-12-27,4,16,Indianapolis,Colts,Jets
2009-12-27,8,16,Washington,Redskins,Cowboys
2009-12-28,8,16,Chicago,Bears,Bears
2009-01-03,1,17,St. Louis,Rams,49ers
2009-01-03,1,17,Cleveland,Browns,Browns
2009-01-03,1,17,Miami,Dolphins,Steelers
2009-01-03,1,17,Buffalo,Bills,Bills
2009-01-03,1,17,Tampa Bay,Buccaneers,Falcons
2009-01-03,1,17,Carolina,Panthers,Panthers
2009-01-03,4,17,Arizona,Cardinals,Packers
2009-01-03,4,17,Denver,Broncos,Chiefs
2009-01-03,4,17,San Diego,Chargers,Chargers
2009-01-03,4,17,Oakland,Raiders,Ravens
2009-01-03,4,17,Seattle,Seahawks,Titans
2009-01-03,8,17,New York,Jets,Jets
2009-01-09,4,WildCard,Cincinnati,Bengals,Jets
2009-01-10,1,WildCard,New England,Patriots,Ravens
2009-01-10,4,WildCard,Arizona,Cardinals,Cardinals
2009-01-16,8,Division,Indianapolis,Colts,Colts
2009-01-17,4,Division,San Diego,Chargers,Jets
2009-01-24,3,ConfChamp,Indianapolis,Colts,Colts
2010-09-12,1,1,Pittsburgh,Steelers,Steelers
2010-09-12,1,1,Chicago,Bears,Bears
2010-09-12,1,1,Tampa Bay,Buccaneers,Buccaneers
2010-09-12,1,1,New England,Patriots,Patriots
2010-09-12,1,1,Buffalo,Bills,Dolphins
2010-09-12,1,1,Tennessee,Titans,Titans
2010-09-12,1,1,Jacksonville,Jaguars,Jaguars
2010-09-12,1,1,New York,Giants,Giants
2010-09-12,4,1,St. Louis,Rams,Cardinals
2010-09-12,4,1,Philadelphia,Eagles,Packers
2010-09-12,4,1,Seattle,Seahawks,Seahawks
2010-09-12,8,1,Washington,Redskins,Redskins
2010-09-13,7,1,New York,Jets,Ravens
2010-09-13,10,1,Kansas City,Chiefs,Chiefs
2010-09-19,1,2,Cincinnati,Bengals,Bengals
2010-09-19,1,2,Green Bay,Packers,Packers
2010-09-19,1,2,Tennessee,Titans,Steelers
2010-09-19,1,2,Cleveland,Browns,Chiefs
2010-09-19,1,2,Carolina,Panthers,Buccaneers
2010-09-19,4,2,Oakland,Raiders,Raiders
2010-09-19,4,2,Denver,Broncos,Broncos
2010-09-19,4,2,Washington,Redskins,Texans
2010-09-19,4,2,San Diego,Chargers,Chargers
2010-09-19,4,2,New York,Jets,Jets
2010-09-19,8,2,Indianapolis,Colts,Colts
2010-09-20,8,2,San Francisco,49ers,Saints
2010-09-26,1,3,Baltimore,Ravens,Ravens
2010-09-26,1,3,New York,Giants,Titans
2010-09-26,1,3,New England,Patriots,Patriots
2010-09-26,1,3,Carolina,Panthers,Bengals
2010-09-26,1,3,Tampa Bay,Buccaneers,Steelers
2010-09-26,1,3,Kansas City,Chiefs,Chiefs
2010-09-26,4,3,St. Louis,Rams,Rams
2010-09-26,4,3,Jacksonville,Jaguars,Eagles
2010-09-26,4,3,Arizona,Cardinals,Cardinals
2010-09-26,4,3,Denver,Broncos,Colts
2010-09-26,4,3,Seattle,Seahawks,Seahawks
2010-09-26,8,3,Miami,Dolphins,Jets
2010-09-27,8,3,Chicago,Bears,Bears
2010-10-03,1,4,St. Louis,Rams,Rams
2010-10-03,1,4,Green Bay,Packers,Packers
2010-10-03,1,4,Tennessee,Titans,Broncos
2010-10-03,1,4,Cleveland,Browns,Browns
2010-10-03,1,4,Pittsburgh,Steelers,Ravens
2010-10-03,1,4,Buffalo,Bills,Jets
2010-10-03,4,4,Oakland,Raiders,Texans
2010-10-03,4,4,Jacksonville,Jaguars,Jaguars
2010-10-03,4,4,Philadelphia,Eagles,Redskins
2010-10-03,4,4,San Diego,Chargers,Chargers
2010-10-03,8,4,New York,Giants,Giants
2010-10-04,8,4,Miami,Dolphins,Patriots
2010-10-10,1,5,Buffalo,Bills,Jaguars
2010-10-10,1,5,Washington,Redskins,Redskins
2010-10-10,1,5,Baltimore,Ravens,Ravens
2010-10-10,1,5,Cleveland,Browns,Falcons
2010-10-10,1,5,Carolina,Panthers,Bears
2010-10-10,1,5,Cincinnati,Bengals,Buccaneers
2010-10-10,1,5,Indianapolis,Colts,Colts
2010-10-10,4,5,Arizona,Cardinals,Cardinals
2010-10-10,4,5,Oakland,Raiders,Raiders
2010-10-10,8,5,San Francisco,49ers,Eagles
2010-10-11,9,5,New York,Jets,Jets
2010-10-17,1,6,St. Louis,Rams,Rams
2010-10-17,1,6,New England,Patriots,Patriots
2010-10-17,1,6,Pittsburgh,Steelers,Steelers
2010-10-17,1,6,Chicago,Bears,Seahawks
2010-10-17,1,6,Philadelphia,Eagles,Eagles
2010-10-17,1,6,Green Bay,Packers,Dolphins
2010-10-17,1,6,Tampa Bay,Buccaneers,Saints
2010-10-17,1,6,New York,Giants,Giants
2010-10-17,4,6,San Francisco,49ers,49ers
2010-10-17,4,6,Denver,Broncos,Jets
2010-10-17,8,6,Washington,Redskins,Colts
2010-10-18,8,6,Jacksonville,Jaguars,Titans
2010-10-24,1,7,Miami,Dolphins,Steelers
2010-10-24,1,7,Baltimore,Ravens,Ravens
2010-10-24,1,7,Tennessee,Titans,Titans
2010-10-24,1,7,Tampa Bay,Buccaneers,Buccaneers
2010-10-24,1,7,Carolina,Panthers,Panthers
2010-10-24,1,7,Kansas City,Chiefs,Chiefs
2010-10-24,1,7,Chicago,Bears,Redskins
2010-10-24,4,7,Seattle,Seahawks,Seahawks
2010-10-24,4,7,San Diego,Chargers,Patriots
2010-10-24,4,7,Denver,Broncos,Raiders
2010-10-24,8,7,Green Bay,Packers,Packers
2010-10-31,1,8,St. Louis,Rams,Rams
2010-10-31,1,8,New York,Jets,Packers
2010-10-31,1,8,Cincinnati,Bengals,Dolphins
2010-10-31,1,8,San Francisco,49ers,49ers
2010-10-31,1,8,Kansas City,Chiefs,Chiefs
2010-10-31,4,8,San Diego,Chargers,Chargers
2010-10-31,4,8,New England,Patriots,Patriots
2010-10-31,4,8,Arizona,Cardinals,Buccaneers
2010-10-31,4,8,Oakland,Raiders,Raiders
2010-11-01,8,8,Indianapolis,Colts,Colts
2010-11-07,1,9,Baltimore,Ravens,Ravens
2010-11-07,1,9,Buffalo,Bills,Bears
2010-11-07,1,9,Cleveland,Browns,Browns
2010-11-07,1,9,Carolina,Panthers,Saints
2010-11-07,4,9,Seattle,Seahawks,Giants
2010-11-07,4,9,Oakland,Raiders,Raiders
2010-11-07,4,9,Philadelphia,Eagles,Eagles
2010-11-07,8,9,Green Bay,Packers,Packers
2010-11-08,8,9,Cincinnati,Bengals,Steelers
2010-11-14,1,10,Chicago,Bears,Bears
2010-11-14,1,10,Buffalo,Bills,Bills
2010-11-14,1,10,Cleveland,Browns,Jets
2010-11-14,1,10,Indianapolis,Colts,Colts
2010-11-14,1,10,Tampa Bay,Buccaneers,Buccaneers
2010-11-14,1,10,Miami,Dolphins,Dolphins
2010-11-14,1,10,Jacksonville,Jaguars,Jaguars
2010-11-14,4,10,Denver,Broncos,Broncos
2010-11-14,4,10,New York,Giants,Cowboys
2010-11-14,4,10,Arizona,Cardinals,Seahawks
2010-11-14,4,10,San Francisco,49ers,49ers
2010-11-14,8,10,Pittsburgh,Steelers,Patriots
2010-11-15,8,10,Washington,Redskins,Eagles
2010-11-18,8,11,Miami,Dolphins,Bears
2010-11-21,1,11,Cincinnati,Bengals,Bills
2010-11-21,1,11,Pittsburgh,Steelers,Steelers
2010-11-21,1,11,Tennessee,Titans,Redskins
2010-11-21,1,11,Kansas City,Chiefs,Chiefs
2010-11-21,1,11,Jacksonville,Jaguars,Jaguars
2010-11-21,1,11,New York,Jets,Jets
2010-11-21,1,11,Carolina,Panthers,Ravens
2010-11-21,4,11,St. Louis,Rams,Falcons
2010-11-21,4,11,San Francisco,49ers,Buccaneers
2010-11-21,4,11,New England,Patriots,Patriots
2010-11-21,8,11,Philadelphia,Eagles,Eagles
2010-11-22,8,11,San Diego,Chargers,Chargers
2010-11-25,8,12,New York,Jets,Jets
2010-11-28,1,12,New York,Giants,Giants
2010-11-28,1,12,Washington,Redskins,Vikings
2010-11-28,1,12,Buffalo,Bills,Steelers
2010-11-28,1,12,Cleveland,Browns,Browns
2010-11-28,4,12,Oakland,Raiders,Dolphins
2010-11-28,4,12,Seattle,Seahawks,Chiefs
2010-11-28,4,12,Chicago,Bears,Bears
2010-11-28,4,12,Baltimore,Ravens,Ravens
2010-11-28,4,12,Denver,Broncos,Rams
2010-11-28,8,12,Indianapolis,Colts,Chargers
2010-11-29,8,12,Arizona,Cardinals,49ers
2010-12-02,8,13,Philadelphia,Eagles,Eagles
2010-12-05,1,13,New York,Giants,Giants
2010-12-05,1,13,Green Bay,Packers,Packers
2010-12-05,1,13,Miami,Dolphins,Browns
2010-12-05,1,13,Cincinnati,Bengals,Saints
2010-12-05,1,13,Kansas City,Chiefs,Chiefs
2010-12-05,1,13,Tennessee,Titans,Jaguars
2010-12-05,4,13,San Diego,Chargers,Raiders
2010-12-05,4,13,Indianapolis,Colts,Cowboys
2010-12-05,4,13,Arizona,Cardinals,Rams
2010-12-05,4,13,Tampa Bay,Buccaneers,Falcons
2010-12-05,4,13,Seattle,Seahawks,Seahawks
2010-12-05,8,13,Baltimore,Ravens,Steelers
2010-12-06,8,13,New England,Patriots,Patriots
2010-12-09,8,14,Tennessee,Titans,Colts
2010-12-12,1,14,Jacksonville,Jaguars,Jaguars
2010-12-12,1,14,Buffalo,Bills,Bills
2010-12-12,1,14,Pittsburgh,Steelers,Steelers
2010-12-12,1,14,Carolina,Panthers,Falcons
2010-12-12,1,14,Washington,Redskins,Buccaneers
2010-12-12,4,14,San Francisco,49ers,49ers
2010-12-12,4,14,Arizona,Cardinals,Cardinals
2010-12-12,4,14,New York,Jets,Dolphins
2010-12-12,4,14,San Diego,Chargers,Chargers
2010-12-12,4,14,Chicago,Bears,Patriots
2010-12-16,8,15,San Diego,Chargers,Chargers
2010-12-19,1,15,St. Louis,Rams,Chiefs
2010-12-19,1,15,Miami,Dolphins,Bills
2010-12-19,1,15,Cincinnati,Bengals,Bengals
2010-12-19,1,15,Tennessee,Titans,Titans
2010-12-19,1,15,Indianapolis,Colts,Colts
2010-12-19,1,15,Tampa Bay,Buccaneers,Lions
2010-12-19,1,15,New York,Giants,Eagles
2010-12-19,1,15,Baltimore,Ravens,Ravens
2010-12-19,1,15,Carolina,Panthers,Panthers
2010-12-19,4,15,Seattle,Seahawks,Falcons
2010-12-19,4,15,Pittsburgh,Steelers,Jets
2010-12-19,4,15,Oakland,Raiders,Raiders
2010-12-19,8,15,New England,Patriots,Patriots
2010-12-23,8,16,Pittsburgh,Steelers,Steelers
2010-12-25,7,16,Arizona,Cardinals,Cardinals
2010-12-26,1,16,St. Louis,Rams,Rams
2010-12-26,1,16,Cleveland,Browns,Ravens
2010-12-26,1,16,Chicago,Bears,Bears
2010-12-26,1,16,Buffalo,Bills,Patriots
2010-12-26,1,16,Kansas City,Chiefs,Chiefs
2010-12-26,1,16,Jacksonville,Jaguars,Redskins
2010-12-26,1,16,Miami,Dolphins,Lions
2010-12-26,4,16,Oakland,Raiders,Colts
2010-12-26,4,16,Cincinnati,Bengals,Bengals
2010-12-26,4,16,Denver,Broncos,Broncos
2010-12-26,4,16,Green Bay,Packers,Packers
2010-12-26,4,16,Tampa Bay,Buccaneers,Buccaneers
2010-12-28,8,16,Philadelphia,Eagles,Vikings
2010-01-02,1,17,Baltimore,Ravens,Ravens
2010-01-02,1,17,Cleveland,Browns,Steelers
2010-01-02,1,17,New England,Patriots,Patriots
2010-01-02,1,17,Kansas City,Chiefs,Raiders
2010-01-02,1,17,New York,Jets,Jets
2010-01-02,4,17,Green Bay,Packers,Packers
2010-01-02,4,17,Denver,Broncos,Chargers
2010-01-02,4,17,Philadelphia,Eagles,Cowboys
2010-01-02,4,17,San Francisco,49ers,49ers
2010-01-02,4,17,Indianapolis,Colts,Colts
2010-01-02,4,17,Washington,Redskins,Giants
2010-01-02,8,17,Seattle,Seahawks,Seahawks
2010-01-08,4,WildCard,Seattle,Seahawks,Seahawks
2010-01-08,8,WildCard,Indianapolis,Colts,Jets
2010-01-09,1,WildCard,Kansas City,Chiefs,Ravens
2010-01-09,4,WildCard,Philadelphia,Eagles,Packers
2010-01-15,4,Division,Pittsburgh,Steelers,Steelers
2010-01-16,1,Division,Chicago,Bears,Bears
2010-01-16,4,Division,New England,Patriots,Jets
2010-01-23,3,ConfChamp,Chicago,Bears,Packers
2010-01-23,6,ConfChamp,Pittsburgh,Steelers,Steelers
2010-02-06,6,SuperBowl,Green Bay,Packers,Packers
2011-09-08,8,1,Green Bay,Packers,Packers
2011-09-11,1,1,St. Louis,Rams,Eagles
2011-09-11,1,1,Baltimore,Ravens,Ravens
2011-09-11,1,1,Jacksonville,Jaguars,Jaguars
2011-09-11,1,1,Chicago,Bears,Bears
2011-09-11,1,1,Cleveland,Browns,Bengals
2011-09-11,1,1,Kansas City,Chiefs,Bills
2011-09-11,1,1,Tampa Bay,Buccaneers,Lions
2011-09-11,4,1,Arizona,Cardinals,Cardinals
2011-09-11,4,1,San Diego,Chargers,Chargers
2011-09-11,4,1,San Francisco,49ers,49ers
2011-09-11,4,1,Washington,Redskins,Redskins
2011-09-11,8,1,New York,Jets,Jets
2011-09-12,7,1,Miami,Dolphins,Patriots
2011-09-12,10,1,Denver,Broncos,Raiders
2011-09-18,1,2,Tennessee,Titans,Titans
2011-09-18,1,2,New York,Jets,Jets
2011-09-18,1,2,Pittsburgh,Steelers,Steelers
2011-09-18,1,2,Carolina,Panthers,Packers
2011-09-18,1,2,Indianapolis,Colts,Browns
2011-09-18,1,2,Washington,Redskins,Redskins
2011-09-18,1,2,Buffalo,Bills,Bills
2011-09-18,4,2,San Francisco,49ers,Cowboys
2011-09-18,4,2,New England,Patriots,Patriots
2011-09-18,4,2,Denver,Broncos,Broncos
2011-09-18,4,2,Miami,Dolphins,Texans
2011-09-19,8,2,New York,Giants,Giants
2011-09-25,1,3,Cleveland,Browns,Browns
2011-09-25,1,3,Cincinnati,Bengals,49ers
2011-09-25,1,3,Carolina,Panthers,Panthers
2011-09-25,1,3,Tennessee,Titans,Titans
2011-09-25,1,3,Buffalo,Bills,Bills
2011-09-25,1,3,Philadelphia,Eagles,Giants
2011-09-25,4,3,Oakland,Raiders,Raiders
2011-09-25,4,3,San Diego,Chargers,Chargers
2011-09-25,4,3,St. Louis,Rams,Ravens
2011-09-25,4,3,Seattle,Seahawks,Seahawks
2011-09-25,4,3,Chicago,Bears,Packers
2011-09-25,4,3,Tampa Bay,Buccaneers,Buccaneers
2011-09-25,8,3,Indianapolis,Colts,Steelers
2011-10-02,1,4,St. Louis,Rams,Redskins
2011-10-02,1,4,Kansas City,Chiefs,Chiefs
2011-10-02,1,4,Philadelphia,Eagles,49ers
2011-10-02,1,4,Cleveland,Browns,Titans
2011-10-02,1,4,Jacksonville,Jaguars,Saints
2011-10-02,1,4,Cincinnati,Bengals,Bengals
2011-10-02,1,4,Chicago,Bears,Bears
2011-10-02,4,4,Arizona,Cardinals,Giants
2011-10-02,4,4,Seattle,Seahawks,Falcons
2011-10-02,4,4,Green Bay,Packers,Packers
2011-10-02,4,4,Oakland,Raiders,Patriots
2011-10-02,4,4,San Diego,Chargers,Chargers
2011-10-02,8,4,Baltimore,Ravens,Ravens
2011-10-03,8,4,Tampa Bay,Buccaneers,Buccaneers
2011-10-09,1,5,Jacksonville,Jaguars,Bengals
2011-10-09,1,5,Pittsburgh,Steelers,Steelers
2011-10-09,1,5,Indianapolis,Colts,Chiefs
2011-10-09,1,5,Buffalo,Bills,Bills
2011-10-09,1,5,Carolina,Panthers,Saints
2011-10-09,1,5,New York,Giants,Seahawks
2011-10-09,4,5,San Francisco,49ers,49ers
2011-10-09,4,5,New England,Patriots,Patriots
2011-10-09,4,5,Denver,Broncos,Chargers
2011-10-16,1,6,Green Bay,Packers,Packers
2011-10-16,1,6,New York,Giants,Giants
2011-10-16,1,6,Cincinnati,Bengals,Bengals
2011-10-16,1,6,Pittsburgh,Steelers,Steelers
2011-10-16,1,6,Washington,Redskins,Eagles
2011-10-16,4,6,Oakland,Raiders,Raiders
2011-10-16,4,6,Baltimore,Ravens,Ravens
2011-10-16,4,6,New England,Patriots,Patriots
2011-10-16,4,6,Tampa Bay,Buccaneers,Buccaneers
2011-10-16,8,6,Chicago,Bears,Bears
2011-10-17,8,6,New York,Jets,Jets
2011-10-23,1,7,Miami,Dolphins,Broncos
2011-10-23,1,7,Tennessee,Titans,Texans
2011-10-23,1,7,New York,Jets,Jets
2011-10-23,1,7,Cleveland,Browns,Browns
2011-10-23,1,7,Tampa Bay,Buccaneers,Bears
2011-10-23,1,7,Carolina,Panthers,Panthers
2011-10-23,4,7,Arizona,Cardinals,Steelers
2011-10-23,7,7,Oakland,Raiders,Chiefs
2011-10-24,8,7,Jacksonville,Jaguars,Jaguars
2011-10-30,1,8,St. Louis,Rams,Rams
2011-10-30,1,8,Baltimore,Ravens,Ravens
2011-10-30,1,8,New York,Giants,Giants
2011-10-30,1,8,Tennessee,Titans,Titans
2011-10-30,1,8,Carolina,Panthers,Vikings
2011-10-30,4,8,Buffalo,Bills,Bills
2011-10-30,4,8,Denver,Broncos,Lions
2011-10-30,4,8,Pittsburgh,Steelers,Steelers
2011-10-30,4,8,San Francisco,49ers,49ers
2011-10-30,4,8,Seattle,Seahawks,Bengals
2011-10-30,8,8,Philadelphia,Eagles,Eagles
2011-10-31,8,8,Kansas City,Chiefs,Chiefs
2011-11-06,1,9,Indianapolis,Colts,Falcons
2011-11-06,1,9,Kansas City,Chiefs,Dolphins
2011-11-06,1,9,Buffalo,Bills,Jets
2011-11-06,1,9,Washington,Redskins,49ers
2011-11-06,4,9,Oakland,Raiders,Broncos
2011-11-06,4,9,Tennessee,Titans,Bengals
2011-11-06,4,9,New England,Patriots,Giants
2011-11-06,4,9,Arizona,Cardinals,Cardinals
2011-11-06,4,9,San Diego,Chargers,Packers
2011-11-06,8,9,Pittsburgh,Steelers,Ravens
2011-11-07,8,9,Philadelphia,Eagles,Bears
2011-11-10,8,10,San Diego,Chargers,Raiders
2011-11-13,1,10,Philadelphia,Eagles,Cardinals
2011-11-13,1,10,Cincinnati,Bengals,Steelers
2011-11-13,1,10,Indianapolis,Colts,Jaguars
2011-11-13,1,10,Tampa Bay,Buccaneers,Texans
2011-11-13,1,10,Kansas City,Chiefs,Broncos
2011-11-13,1,10,Cleveland,Browns,Rams
2011-11-13,1,10,Miami,Dolphins,Dolphins
2011-11-13,1,10,Carolina,Panthers,Titans
2011-11-13,4,10,Seattle,Seahawks,Seahawks
2011-11-13,4,10,San Francisco,49ers,49ers
2011-11-13,4,10,Chicago,Bears,Bears
2011-11-13,8,10,New York,Jets,Patriots
2011-11-14,8,10,Green Bay,Packers,Packers
2011-11-17,8,11,Denver,Broncos,Broncos
2011-11-20,1,11,Cleveland,Browns,Browns
2011-11-20,1,11,Green Bay,Packers,Packers
2011-11-20,1,11,Miami,Dolphins,Dolphins
2011-11-20,1,11,Baltimore,Ravens,Ravens
2011-11-20,1,11,Washington,Redskins,Cowboys
2011-11-20,4,11,San Francisco,49ers,49ers
2011-11-20,4,11,St. Louis,Rams,Seahawks
2011-11-20,4,11,Chicago,Bears,Bears
2011-11-20,8,11,New York,Giants,Eagles
2011-11-21,8,11,New England,Patriots,Patriots
2011-11-24,8,12,Baltimore,Ravens,Ravens
2011-11-27,1,12,St. Louis,Rams,Cardinals
2011-11-27,1,12,Tennessee,Titans,Titans
2011-11-27,1,12,New York,Jets,Jets
2011-11-27,1,12,Cincinnati,Bengals,Bengals
2011-11-27,1,12,Jacksonville,Jaguars,Texans
2011-11-27,1,12,Indianapolis,Colts,Panthers
2011-11-27,4,12,Oakland,Raiders,Raiders
2011-11-27,4,12,Seattle,Seahawks,Redskins
2011-11-27,4,12,Philadelphia,Eagles,Patriots
2011-11-27,4,12,San Diego,Chargers,Broncos
2011-11-27,8,12,Kansas City,Chiefs,Steelers
2011-12-01,8,13,Seattle,Seahawks,Seahawks
2011-12-04,1,13,Buffalo,Bills,Titans
2011-12-04,1,13,Pittsburgh,Steelers,Steelers
2011-12-04,1,13,Tampa Bay,Buccaneers,Panthers
2011-12-04,1,13,New England,Patriots,Patriots
2011-12-04,1,13,Miami,Dolphins,Dolphins
2011-12-04,1,13,Washington,Redskins,Jets
2011-12-04,1,13,Chicago,Bears,Chiefs
2011-12-04,4,13,Cleveland,Browns,Ravens
2011-12-04,4,13,San Francisco,49ers,49ers
2011-12-04,4,13,New York,Giants,Packers
2011-12-04,4,13,Arizona,Cardinals,Cardinals
2011-12-05,8,13,Jacksonville,Jaguars,Chargers
2011-12-08,8,14,Pittsburgh,Steelers,Steelers
2011-12-11,1,14,New York,Jets,Jets
2011-12-11,1,14,Cincinnati,Bengals,Texans
2011-12-11,1,14,Baltimore,Ravens,Ravens
2011-12-11,1,14,Washington,Redskins,Patriots
2011-12-11,1,14,Miami,Dolphins,Eagles
2011-12-11,1,14,Jacksonville,Jaguars,Jaguars
2011-12-11,1,14,Tennessee,Titans,Saints
2011-12-11,1,14,Carolina,Panthers,Falcons
2011-12-11,4,14,Denver,Broncos,Broncos
2011-12-11,4,14,Arizona,Cardinals,Cardinals
2011-12-11,4,14,San Diego,Chargers,Chargers
2011-12-11,4,14,Green Bay,Packers,Packers
2011-12-12,8,14,Seattle,Seahawks,Seahawks
2011-12-17,8,15,Tampa Bay,Buccaneers,Cowboys
2011-12-18,1,15,St. Louis,Rams,Bengals
2011-12-18,1,15,Buffalo,Bills,Dolphins
2011-12-18,1,15,New York,Giants,Redskins
2011-12-18,1,15,Kansas City,Chiefs,Chiefs
2011-12-18,1,15,Indianapolis,Colts,Colts
2011-12-18,1,15,Chicago,Bears,Seahawks
2011-12-18,4,15,Oakland,Raiders,Lions
2011-12-18,4,15,Arizona,Cardinals,Cardinals
2011-12-18,4,15,Philadelphia,Eagles,Eagles
2011-12-18,4,15,Denver,Broncos,Patriots
2011-12-18,8,15,San Diego,Chargers,Chargers
2011-12-19,9,15,San Francisco,49ers,49ers
2011-12-22,8,16,Indianapolis,Colts,Colts
2011-12-24,1,16,Pittsburgh,Steelers,Steelers
2011-12-24,1,16,New England,Patriots,Patriots
2011-12-24,1,16,Buffalo,Bills,Bills
2011-12-24,1,16,Tennessee,Titans,Titans
2011-12-24,1,16,Cincinnati,Bengals,Bengals
2011-12-24,1,16,New York,Jets,Giants
2011-12-24,1,16,Baltimore,Ravens,Ravens
2011-12-24,1,16,Kansas City,Chiefs,Raiders
2011-12-24,1,16,Carolina,Panthers,Panthers
2011-12-24,1,16,Washington,Redskins,Vikings
2011-12-24,4,16,Seattle,Seahawks,49ers
2011-12-25,8,16,Green Bay,Packers,Packers
2011-01-01,1,17,St. Louis,Rams,49ers
2011-01-01,1,17,Philadelphia,Eagles,Eagles
2011-01-01,1,17,New England,Patriots,Patriots
2011-01-01,1,17,Green Bay,Packers,Packers
2011-01-01,1,17,Miami,Dolphins,Dolphins
2011-01-01,1,17,Jacksonville,Jaguars,Jaguars
2011-01-01,4,17,Oakland,Raiders,Chargers
2011-01-01,4,17,Arizona,Cardinals,Cardinals
2011-01-01,4,17,Denver,Broncos,Chiefs
2011-01-01,4,17,Cincinnati,Bengals,Ravens
2011-01-01,4,17,Cleveland,Browns,Steelers
2011-01-01,8,17,New York,Giants,Giants
2011-01-08,1,WildCard,New York,Giants,Giants
2011-01-08,4,WildCard,Denver,Broncos,Broncos
2011-01-14,4,Division,San Francisco,49ers,49ers
2011-01-14,8,Division,New England,Patriots,Patriots
2011-01-15,1,Division,Baltimore,Ravens,Ravens
2011-01-15,4,Division,Green Bay,Packers,Giants
2011-01-22,3,ConfChamp,New England,Patriots,Patriots
2011-01-22,6,ConfChamp,San Francisco,49ers,Giants
2011-02-05,6,SuperBowl,New York,Giants,Giants
2012-09-05,8,1,New York,Giants,Cowboys
2012-09-09,1,1,Chicago,Bears,Bears
2012-09-09,1,1,Kansas City,Chiefs,Falcons
2012-09-09,1,1,New York,Jets,Jets
2012-09-09,1,1,Tennessee,Titans,Patriots
2012-09-09,1,1,Cleveland,Browns,Eagles
2012-09-09,4,1,Arizona,Cardinals,Cardinals
2012-09-09,4,1,Green Bay,Packers,49ers
2012-09-09,4,1,Tampa Bay,Buccaneers,Buccaneers
2012-09-09,8,1,Denver,Broncos,Broncos
2012-09-10,7,1,Baltimore,Ravens,Ravens
2012-09-10,10,1,Oakland,Raiders,Chargers
2012-09-13,8,2,Green Bay,Packers,Packers
2012-09-16,1,2,Miami,Dolphins,Dolphins
2012-09-16,1,2,Cincinnati,Bengals,Bengals
2012-09-16,1,2,Buffalo,Bills,Bills
2012-09-16,1,2,New England,Patriots,Cardinals
2012-09-16,1,2,Indianapolis,Colts,Colts
2012-09-16,1,2,Philadelphia,Eagles,Eagles
2012-09-16,1,2,Jacksonville,Jaguars,Texans
2012-09-16,1,2,New York,Giants,Giants
2012-09-16,1,2,Carolina,Panthers,Panthers
2012-09-16,4,2,St. Louis,Rams,Rams
2012-09-16,4,2,Seattle,Seahawks,Seahawks
2012-09-16,4,2,Pittsburgh,Steelers,Steelers
2012-09-16,4,2,San Diego,Chargers,Chargers
2012-09-16,8,2,San Francisco,49ers,49ers
2012-09-20,8,3,Carolina,Panthers,Giants
2012-09-23,1,3,Cleveland,Browns,Bills
2012-09-23,1,3,Tennessee,Titans,Titans
2012-09-23,1,3,Miami,Dolphins,Jets
2012-09-23,1,3,Washington,Redskins,Bengals
2012-09-23,1,3,Indianapolis,Colts,Jaguars
2012-09-23,1,3,Chicago,Bears,Bears
2012-09-23,4,3,San Diego,Chargers,Falcons
2012-09-23,4,3,Arizona,Cardinals,Cardinals
2012-09-23,4,3,Denver,Broncos,Texans
2012-09-23,4,3,Oakland,Raiders,Raiders
2012-09-23,8,3,Baltimore,Ravens,Ravens
2012-09-24,8,3,Seattle,Seahawks,Seahawks
2012-09-27,8,4,Baltimore,Ravens,Ravens
2012-09-30,1,4,St. Louis,Rams,Rams
2012-09-30,1,4,Buffalo,Bills,Patriots
2012-09-30,1,4,Kansas City,Chiefs,Chargers
2012-09-30,1,4,New York,Jets,49ers
2012-09-30,4,4,Arizona,Cardinals,Cardinals
2012-09-30,4,4,Denver,Broncos,Broncos
2012-09-30,4,4,Jacksonville,Jaguars,Bengals
2012-09-30,4,4,Green Bay,Packers,Packers
2012-09-30,4,4,Tampa Bay,Buccaneers,Redskins
2012-09-30,8,4,Philadelphia,Eagles,Eagles
2012-10-04,8,5,St. Louis,Rams,Rams
2012-10-07,1,5,New York,Giants,Giants
2012-10-07,1,5,Kansas City,Chiefs,Ravens
2012-10-07,1,5,Pittsburgh,Steelers,Steelers
2012-10-07,1,5,Indianapolis,Colts,Colts
2012-10-07,1,5,Cincinnati,Bengals,Dolphins
2012-10-07,1,5,Washington,Redskins,Falcons
2012-10-07,4,5,Carolina,Panthers,Seahawks
2012-10-07,4,5,Jacksonville,Jaguars,Bears
2012-10-07,4,5,San Francisco,49ers,49ers
2012-10-07,4,5,New England,Patriots,Patriots
2012-10-08,8,5,New York,Jets,Texans
2012-10-11,8,6,Tennessee,Titans,Titans
2012-10-14,1,6,Miami,Dolphins,Dolphins
2012-10-14,1,6,Tampa Bay,Buccaneers,Buccaneers
2012-10-14,1,6,New York,Jets,Jets
2012-10-14,1,6,Baltimore,Ravens,Ravens
2012-10-14,1,6,Cleveland,Browns,Browns
2012-10-14,1,6,Philadelphia,Eagles,Lions
2012-10-14,4,6,Seattle,Seahawks,Seahawks
2012-10-14,4,6,Arizona,Cardinals,Bills
2012-10-14,4,6,San Francisco,49ers,Giants
2012-10-14,4,6,Washington,Redskins,Redskins
2012-10-15,8,6,San Diego,Chargers,Broncos
2012-10-18,8,7,San Francisco,49ers,49ers
2012-10-21,1,7,St. Louis,Rams,Packers
2012-10-21,1,7,Tampa Bay,Buccaneers,Saints
2012-10-21,1,7,Indianapolis,Colts,Colts
2012-10-21,1,7,Buffalo,Bills,Titans
2012-10-21,1,7,Carolina,Panthers,Cowboys
2012-10-21,1,7,New York,Giants,Giants
2012-10-21,4,7,Oakland,Raiders,Raiders
2012-10-21,4,7,New England,Patriots,Patriots
2012-10-21,8,7,Cincinnati,Bengals,Steelers
2012-10-22,8,7,Chicago,Bears,Bears
2012-10-28,1,8,Pittsburgh,Steelers,Steelers
2012-10-28,1,8,Chicago,Bears,Bears
2012-10-28,1,8,Philadelphia,Eagles,Falcons
2012-10-28,1,8,Green Bay,Packers,Packers
2012-10-28,1,8,Tennessee,Titans,Colts
2012-10-28,1,8,New York,Jets,Dolphins
2012-10-28,1,8,St. Louis,Rams,Patriots
2012-10-28,1,8,Cleveland,Browns,Browns
2012-10-28,4,8,Kansas City,Chiefs,Raiders
2012-10-28,8,8,Denver,Broncos,Broncos
2012-10-29,8,8,Arizona,Cardinals,49ers
2012-11-01,8,9,San Diego,Chargers,Chargers
2012-11-04,1,9,Indianapolis,Colts,Colts
2012-11-04,1,9,Cincinnati,Bengals,Broncos
2012-11-04,1,9,Green Bay,Packers,Packers
2012-11-04,1,9,Cleveland,Browns,Ravens
2012-11-04,1,9,Tennessee,Titans,Bears
2012-11-04,1,9,Jacksonville,Jaguars,Lions
2012-11-04,1,9,Washington,Redskins,Panthers
2012-11-04,4,9,Oakland,Raiders,Buccaneers
2012-11-04,4,9,Seattle,Seahawks,Seahawks
2012-11-04,4,9,New York,Giants,Steelers
2012-11-08,8,10,Jacksonville,Jaguars,Colts
2012-11-11,1,10,New England,Patriots,Patriots
2012-11-11,1,10,Carolina,Panthers,Broncos
2012-11-11,1,10,Baltimore,Ravens,Ravens
2012-11-11,1,10,Cincinnati,Bengals,Bengals
2012-11-11,1,10,Miami,Dolphins,Titans
2012-11-11,1,10,Tampa Bay,Buccaneers,Buccaneers
2012-11-11,4,10,Seattle,Seahawks,Seahawks
2012-11-11,4,10,Philadelphia,Eagles,Cowboys
2012-11-11,4,10,San Francisco,49ers,49ers
2012-11-11,8,10,Chicago,Bears,Texans
2012-11-12,8,10,Pittsburgh,Steelers,Steelers
2012-11-15,8,11,Buffalo,Bills,Bills
2012-11-18,1,11,St. Louis,Rams,Jets
2012-11-18,1,11,Kansas City,Chiefs,Bengals
2012-11-18,1,11,Washington,Redskins,Redskins
2012-11-18,1,11,Carolina,Panthers,Buccaneers
2012-11-18,4,11,Oakland,Raiders,Saints
2012-11-18,4,11,New England,Patriots,Patriots
2012-11-18,4,11,Denver,Broncos,Broncos
2012-11-18,8,11,Pittsburgh,Steelers,Ravens
2012-11-19,8,11,San Francisco,49ers,49ers
2012-11-22,8,12,New York,Jets,Patriots
2012-11-25,1,12,Chicago,Bears,Bears
2012-11-25,1,12,Cleveland,Browns,Browns
2012-11-25,1,12,Cincinnati,Bengals,Bengals
2012-11-25,1,12,Tampa Bay,Buccaneers,Falcons
2012-11-25,1,12,Indianapolis,Colts,Colts
2012-11-25,1,12,Jacksonville,Jaguars,Jaguars
2012-11-25,1,12,Miami,Dolphins,Dolphins
2012-11-25,1,12,Kansas City,Chiefs,Broncos
2012-11-25,4,12,San Diego,Chargers,Ravens
2012-11-25,4,12,Arizona,Cardinals,Rams
2012-11-25,8,12,New York,Giants,Giants
2012-11-26,8,12,Philadelphia,Eagles,Panthers
2012-12-02,1,13,St. Louis,Rams,Rams
2012-12-02,1,13,Buffalo,Bills,Bills
2012-12-02,1,13,Green Bay,Packers,Packers
2012-12-02,1,13,Tennessee,Titans,Texans
2012-12-02,1,13,Miami,Dolphins,Patriots
2012-12-02,1,13,Chicago,Bears,Seahawks
2012-12-02,1,13,Kansas City,Chiefs,Chiefs
2012-12-02,1,13,New York,Jets,Jets
2012-12-02,4,13,Denver,Broncos,Broncos
2012-12-02,4,13,Baltimore,Ravens,Steelers
2012-12-02,4,13,Oakland,Raiders,Browns
2012-12-02,4,13,San Diego,Chargers,Bengals
2012-12-03,8,13,Washington,Redskins,Redskins
2012-12-06,8,14,Oakland,Raiders,Broncos
2012-12-09,1,14,Cleveland,Browns,Browns
2012-12-09,1,14,Buffalo,Bills,Rams
2012-12-09,1,14,Jacksonville,Jaguars,Jets
2012-12-09,1,14,Indianapolis,Colts,Colts
2012-12-09,1,14,Pittsburgh,Steelers,Chargers
2012-12-09,1,14,Tampa Bay,Buccaneers,Eagles
2012-12-09,1,14,Cincinnati,Bengals,Cowboys
2012-12-09,1,14,Washington,Redskins,Redskins
2012-12-09,1,14,Carolina,Panthers,Panthers
2012-12-09,4,14,San Francisco,49ers,49ers
2012-12-09,4,14,Seattle,Seahawks,Seahawks
2012-12-09,4,14,New York,Giants,Giants
2012-12-09,8,14,Green Bay,Packers,Packers
2012-12-10,8,14,New England,Patriots,Patriots
2012-12-13,8,15,Philadelphia,Eagles,Bengals
2012-12-16,1,15,St. Louis,Rams,Vikings
2012-12-16,1,15,Baltimore,Ravens,Broncos
2012-12-16,1,15,Chicago,Bears,Packers
2012-12-16,1,15,Miami,Dolphins,Dolphins
2012-12-16,1,15,Cleveland,Browns,Redskins
2012-12-16,4,15,Arizona,Cardinals,Cardinals
2012-12-16,4,15,San Diego,Chargers,Panthers
2012-12-16,4,15,Buffalo,Bills,Seahawks
2012-12-16,4,15,Oakland,Raiders,Raiders
2012-12-16,8,15,New England,Patriots,49ers
2012-12-17,8,15,Tennessee,Titans,Titans
2012-12-23,1,16,Miami,Dolphins,Dolphins
2012-12-23,1,16,Jacksonville,Jaguars,Patriots
2012-12-23,1,16,Pittsburgh,Steelers,Bengals
2012-12-23,1,16,Green Bay,Packers,Packers
2012-12-23,1,16,Kansas City,Chiefs,Colts
2012-12-23,1,16,Tampa Bay,Buccaneers,Rams
2012-12-23,1,16,Philadelphia,Eagles,Redskins
2012-12-23,1,16,New York,Jets,Chargers
2012-12-23,1,16,Carolina,Panthers,Panthers
2012-12-23,4,16,Denver,Broncos,Broncos
2012-12-23,4,16,Arizona,Cardinals,Bears
2012-12-23,4,16,Baltimore,Ravens,Ravens
2012-12-23,8,16,Seattle,Seahawks,Seahawks
2012-12-30,1,17,Pittsburgh,Steelers,Steelers
2012-12-30,1,17,Buffalo,Bills,Bills
2012-12-30,1,17,Tennessee,Titans,Titans
2012-12-30,1,17,Indianapolis,Colts,Colts
2012-12-30,1,17,Cincinnati,Bengals,Bengals
2012-12-30,1,17,New York,Giants,Giants
2012-12-30,4,17,San Diego,Chargers,Chargers
2012-12-30,4,17,Denver,Broncos,Broncos
2012-12-30,4,17,New England,Patriots,Patriots
2012-12-30,4,17,San Francisco,49ers,49ers
2012-12-30,4,17,Seattle,Seahawks,Seahawks
2012-12-30,8,17,Washington,Redskins,Redskins
2012-01-05,8,WildCard,Green Bay,Packers,Packers
2012-01-06,1,WildCard,Baltimore,Ravens,Ravens
2012-01-06,4,WildCard,Washington,Redskins,Seahawks
2012-01-12,4,Division,Denver,Broncos,Ravens
2012-01-12,8,Division,San Francisco,49ers,49ers
2012-01-13,4,Division,New England,Patriots,Patriots
2012-01-20,6,ConfChamp,New England,Patriots,Ravens
2012-02-03,6,SuperBowl,Baltimore,Ravens,Ravens
2013-09-05,9,1,Denver,Broncos,Broncos
2013-09-08,1,1,Pittsburgh,Steelers,Titans
2013-09-08,1,1,Cleveland,Browns,Dolphins
2013-09-08,1,1,Buffalo,Bills,Patriots
2013-09-08,1,1,Chicago,Bears,Bears
2013-09-08,1,1,Indianapolis,Colts,Colts
2013-09-08,1,1,Jacksonville,Jaguars,Chiefs
2013-09-08,1,1,New York,Jets,Jets
2013-09-08,1,1,Carolina,Panthers,Seahawks
2013-09-08,4,1,St. Louis,Rams,Rams
2013-09-08,4,1,San Francisco,49ers,49ers
2013-09-09,7,1,Washington,Redskins,Eagles
2013-09-09,10,1,San Diego,Chargers,Texans
2013-09-12,8,2,New England,Patriots,Patriots
2013-09-15,1,2,Philadelphia,Eagles,Chargers
2013-09-15,1,2,Indianapolis,Colts,Dolphins
2013-09-15,1,2,Green Bay,Packers,Packers
2013-09-15,1,2,Kansas City,Chiefs,Chiefs
2013-09-15,1,2,Baltimore,Ravens,Ravens
2013-09-15,1,2,Buffalo,Bills,Bills
2013-09-15,1,2,Chicago,Bears,Bears
2013-09-15,4,2,Tampa Bay,Buccaneers,Saints
2013-09-15,4,2,Arizona,Cardinals,Cardinals
2013-09-15,4,2,Oakland,Raiders,Raiders
2013-09-15,4,2,New York,Giants,Broncos
2013-09-15,8,2,Seattle,Seahawks,Seahawks
2013-09-16,8,2,Cincinnati,Bengals,Bengals
2013-09-19,8,3,Philadelphia,Eagles,Chiefs
2013-09-22,1,3,New England,Patriots,Patriots
2013-09-22,1,3,Carolina,Panthers,Panthers
2013-09-22,1,3,Baltimore,Ravens,Ravens
2013-09-22,1,3,Tennessee,Titans,Titans
2013-09-22,1,3,Cincinnati,Bengals,Bengals
2013-09-22,1,3,Washington,Redskins,Lions
2013-09-22,4,3,Miami,Dolphins,Dolphins
2013-09-22,4,3,New York,Jets,Jets
2013-09-22,4,3,San Francisco,49ers,Colts
2013-09-22,4,3,Seattle,Seahawks,Seahawks
2013-09-22,8,3,Pittsburgh,Steelers,Bears
2013-09-23,8,3,Denver,Broncos,Broncos
2013-09-26,8,4,St. Louis,Rams,49ers
2013-09-29,1,4,Buffalo,Bills,Bills
2013-09-29,1,4,Kansas City,Chiefs,Chiefs
2013-09-29,1,4,Tampa Bay,Buccaneers,Cardinals
2013-09-29,1,4,Jacksonville,Jaguars,Colts
2013-09-29,1,4,Cleveland,Browns,Browns
2013-09-29,4,4,Tennessee,Titans,Titans
2013-09-29,4,4,Oakland,Raiders,Redskins
2013-09-29,4,4,San Diego,Chargers,Chargers
2013-09-29,4,4,Denver,Broncos,Broncos
2013-10-03,8,5,Cleveland,Browns,Browns
2013-10-06,1,5,St. Louis,Rams,Rams
2013-10-06,1,5,Cincinnati,Bengals,Bengals
2013-10-06,1,5,New York,Giants,Eagles
2013-10-06,1,5,Miami,Dolphins,Ravens
2013-10-06,1,5,Green Bay,Packers,Packers
2013-10-06,1,5,Chicago,Bears,Saints
2013-10-06,1,5,Indianapolis,Colts,Colts
2013-10-06,1,5,Tennessee,Titans,Chiefs
2013-10-06,4,5,Arizona,Cardinals,Cardinals
2013-10-06,8,5,San Francisco,49ers,49ers
2013-10-06,11,5,Oakland,Raiders,Raiders
2013-10-10,8,6,Chicago,Bears,Bears
2013-10-13,1,6,Baltimore,Ravens,Packers
2013-10-13,1,6,Buffalo,Bills,Bengals
2013-10-13,1,6,Kansas City,Chiefs,Chiefs
2013-10-13,1,6,Cleveland,Browns,Lions
2013-10-13,1,6,New York,Jets,Steelers
2013-10-13,1,6,Tampa Bay,Buccaneers,Eagles
2013-10-13,4,6,Denver,Broncos,Broncos
2013-10-13,4,6,Seattle,Seahawks,Seahawks
2013-10-13,4,6,New England,Patriots,Patriots
2013-10-13,4,6,San Francisco,49ers,49ers
2013-10-14,8,6,San Diego,Chargers,Chargers
2013-10-17,8,7,Arizona,Cardinals,Seahawks
2013-10-20,1,7,Philadelphia,Eagles,Cowboys
2013-10-20,1,7,Jacksonville,Jaguars,Chargers
2013-10-20,1,7,Miami,Dolphins,Bills
2013-10-20,1,7,Carolina,Panthers,Panthers
2013-10-20,1,7,New York,Jets,Jets
2013-10-20,1,7,Washington,Redskins,Redskins
2013-10-20,4,7,Tennessee,Titans,49ers
2013-10-20,4,7,Pittsburgh,Steelers,Steelers
2013-10-20,4,7,Green Bay,Packers,Packers
2013-10-20,4,7,Kansas City,Chiefs,Chiefs
2013-10-20,8,7,Indianapolis,Colts,Colts
2013-10-21,8,7,New York,Giants,Giants
2013-10-24,8,8,Tampa Bay,Buccaneers,Panthers
2013-10-27,1,8,New England,Patriots,Patriots
2013-10-27,1,8,Kansas City,Chiefs,Chiefs
2013-10-27,1,8,Philadelphia,Eagles,Giants
2013-10-27,1,8,Jacksonville,Jaguars,49ers
2013-10-27,4,8,Oakland,Raiders,Raiders
2013-10-27,4,8,Cincinnati,Bengals,Bengals
2013-10-27,4,8,Arizona,Cardinals,Cardinals
2013-10-27,4,8,Denver,Broncos,Broncos
2013-10-28,8,8,St. Louis,Rams,Seahawks
2013-10-31,8,9,Miami,Dolphins,Dolphins
2013-11-03,1,9,St. Louis,Rams,Titans
2013-11-03,1,9,Buffalo,Bills,Chiefs
2013-11-03,1,9,Carolina,Panthers,Panthers
2013-11-03,1,9,Washington,Redskins,Redskins
2013-11-03,1,9,New York,Jets,Jets
2013-11-03,4,9,Oakland,Raiders,Eagles
2013-11-03,4,9,Seattle,Seahawks,Seahawks
2013-11-03,4,9,New England,Patriots,Patriots
2013-11-03,4,9,Cleveland,Browns,Browns
2013-11-04,8,9,Green Bay,Packers,Bears
2013-11-10,1,10,Green Bay,Packers,Eagles
2013-11-10,1,10,Tennessee,Titans,Jaguars
2013-11-10,1,10,Pittsburgh,Steelers,Steelers
2013-11-10,1,10,Baltimore,Ravens,Ravens
2013-11-10,1,10,Chicago,Bears,Lions
2013-11-10,1,10,Indianapolis,Colts,Rams
2013-11-10,1,10,New York,Giants,Giants
2013-11-10,4,10,San Francisco,49ers,Panthers
2013-11-10,4,10,San Diego,Chargers,Broncos
2013-11-10,4,10,Arizona,Cardinals,Cardinals
2013-11-11,8,10,Tampa Bay,Buccaneers,Buccaneers
2013-11-14,8,11,Tennessee,Titans,Colts
2013-11-17,1,11,Pittsburgh,Steelers,Steelers
2013-11-17,1,11,Chicago,Bears,Bears
2013-11-17,1,11,Buffalo,Bills,Bills
2013-11-17,1,11,Cincinnati,Bengals,Bengals
2013-11-17,1,11,Philadelphia,Eagles,Eagles
2013-11-17,1,11,Tampa Bay,Buccaneers,Buccaneers
2013-11-17,1,11,Jacksonville,Jaguars,Cardinals
2013-11-17,4,11,Miami,Dolphins,Dolphins
2013-11-17,4,11,New York,Giants,Giants
2013-11-17,4,11,Seattle,Seahawks,Seahawks
2013-11-17,8,11,Denver,Broncos,Broncos
2013-11-18,8,11,Carolina,Panthers,Panthers
2013-11-24,1,12,St. Louis,Rams,Rams
2013-11-24,1,12,Baltimore,Ravens,Ravens
2013-11-24,1,12,Green Bay,Packers,Vikings
2013-11-24,1,12,Miami,Dolphins,Panthers
2013-11-24,1,12,Kansas City,Chiefs,Chargers
2013-11-24,1,12,Cleveland,Browns,Steelers
2013-11-24,4,12,Oakland,Raiders,Titans
2013-11-24,4,12,Arizona,Cardinals,Cardinals
2013-11-24,4,12,New York,Giants,Cowboys
2013-11-24,8,12,New England,Patriots,Patriots
2013-11-25,8,12,Washington,Redskins,49ers
2013-11-28,8,13,Baltimore,Ravens,Ravens
2013-12-01,1,13,Cleveland,Browns,Jaguars
2013-12-01,1,13,Philadelphia,Eagles,Eagles
2013-12-01,1,13,New York,Jets,Dolphins
2013-12-01,1,13,Indianapolis,Colts,Colts
2013-12-01,1,13,Carolina,Panthers,Panthers
2013-12-01,4,13,Buffalo,Bills,Falcons
2013-12-01,4,13,San Francisco,49ers,49ers
2013-12-01,4,13,San Diego,Chargers,Bengals
2013-12-01,4,13,Kansas City,Chiefs,Broncos
2013-12-01,8,13,Washington,Redskins,Giants
2013-12-02,8,13,Seattle,Seahawks,Seahawks
2013-12-05,8,14,Jacksonville,Jaguars,Jaguars
2013-12-08,1,14,Philadelphia,Eagles,Eagles
2013-12-08,1,14,New England,Patriots,Patriots
2013-12-08,1,14,Cincinnati,Bengals,Bengals
2013-12-08,1,14,Pittsburgh,Steelers,Dolphins
2013-12-08,1,14,Green Bay,Packers,Packers
2013-12-08,1,14,Tampa Bay,Buccaneers,Buccaneers
2013-12-08,1,14,New York,Jets,Jets
2013-12-08,1,14,Baltimore,Ravens,Ravens
2013-12-08,1,14,Washington,Redskins,Chiefs
2013-12-08,4,14,Denver,Broncos,Broncos
2013-12-08,4,14,Arizona,Cardinals,Cardinals
2013-12-08,4,14,San Diego,Chargers,Chargers
2013-12-08,4,14,San Francisco,49ers,49ers
2013-12-09,8,14,Chicago,Bears,Bears
2013-12-12,8,15,Denver,Broncos,Chargers
2013-12-15,1,15,Jacksonville,Jaguars,Bills
2013-12-15,1,15,Indianapolis,Colts,Colts
2013-12-15,1,15,Miami,Dolphins,Dolphins
2013-12-15,1,15,Tampa Bay,Buccaneers,49ers
2013-12-15,1,15,New York,Giants,Seahawks
2013-12-15,1,15,Cleveland,Browns,Bears
2013-12-15,4,15,Carolina,Panthers,Panthers
2013-12-15,4,15,Oakland,Raiders,Chiefs
2013-12-15,4,15,St. Louis,Rams,Rams
2013-12-15,4,15,Tennessee,Titans,Cardinals
2013-12-15,8,15,Pittsburgh,Steelers,Steelers
2013-12-22,1,16,St. Louis,Rams,Rams
2013-12-22,1,16,Jacksonville,Jaguars,Titans
2013-12-22,1,16,Buffalo,Bills,Bills
2013-12-22,1,16,New York,Jets,Jets
2013-12-22,1,16,Kansas City,Chiefs,Colts
2013-12-22,1,16,Cincinnati,Bengals,Bengals
2013-12-22,1,16,Washington,Redskins,Cowboys
2013-12-22,1,16,Carolina,Panthers,Panthers
2013-12-22,4,16,Seattle,Seahawks,Cardinals
2013-12-22,4,16,Green Bay,Packers,Steelers
2013-12-22,4,16,Baltimore,Ravens,Patriots
2013-12-22,4,16,San Diego,Chargers,Chargers
2013-12-22,8,16,Philadelphia,Eagles,Eagles
2013-12-23,8,16,San Francisco,49ers,49ers
2013-12-29,1,17,Pittsburgh,Steelers,Steelers
2013-12-29,1,17,Tennessee,Titans,Titans
2013-12-29,1,17,Miami,Dolphins,Jets
2013-12-29,1,17,Indianapolis,Colts,Colts
2013-12-29,1,17,Cincinnati,Bengals,Bengals
2013-12-29,1,17,New York,Giants,Giants
2013-12-29,4,17,Chicago,Bears,Packers
2013-12-29,4,17,Arizona,Cardinals,49ers
2013-12-29,4,17,Oakland,Raiders,Broncos
2013-12-29,4,17,New England,Patriots,Patriots
2013-12-29,4,17,San Diego,Chargers,Chargers
2013-12-29,4,17,Seattle,Seahawks,Seahawks
2013-01-04,4,WildCard,Indianapolis,Colts,Colts
2013-01-04,8,WildCard,Philadelphia,Eagles,Saints
2013-01-05,1,WildCard,Cincinnati,Bengals,Chargers
2013-01-05,4,WildCard,Green Bay,Packers,49ers
2013-01-11,4,Division,Seattle,Seahawks,Seahawks
2013-01-11,8,Division,New England,Patriots,Patriots
2013-01-12,1,Division,Carolina,Panthers,49ers
2013-01-12,4,Division,Denver,Broncos,Broncos
2013-01-19,3,ConfChamp,Denver,Broncos,Broncos
2013-01-19,6,ConfChamp,Seattle,Seahawks,Seahawks
2013-02-02,6,SuperBowl,Seattle,Seahawks,Seahawks
2014-09-04,8,1,Seattle,Seahawks,Seahawks
2014-09-07,1,1,St. Louis,Rams,Vikings
2014-09-07,1,1,Chicago,Bears,Bills
2014-09-07,1,1,Baltimore,Ravens,Bengals
2014-09-07,1,1,Philadelphia,Eagles,Eagles
2014-09-07,1,1,Pittsburgh,Steelers,Steelers
2014-09-07,1,1,New York,Jets,Jets
2014-09-07,1,1,Kansas City,Chiefs,Titans
2014-09-07,1,1,Miami,Dolphins,Dolphins
2014-09-07,4,1,Tampa Bay,Buccaneers,Panthers
2014-09-07,8,1,Denver,Broncos,Broncos
2014-09-08,9,1,Arizona,Cardinals,Cardinals
2014-09-11,8,2,Baltimore,Ravens,Ravens
2014-09-14,1,2,Buffalo,Bills,Bills
2014-09-14,1,2,Tennessee,Titans,Cowboys
2014-09-14,1,2,Cleveland,Browns,Browns
2014-09-14,1,2,New York,Giants,Cardinals
2014-09-14,1,2,Carolina,Panthers,Panthers
2014-09-14,1,2,Cincinnati,Bengals,Bengals
2014-09-14,1,2,Washington,Redskins,Redskins
2014-09-14,4,2,San Diego,Chargers,Chargers
2014-09-14,4,2,Tampa Bay,Buccaneers,Rams
2014-09-14,4,2,Green Bay,Packers,Packers
2014-09-14,4,2,Denver,Broncos,Broncos
2014-09-14,4,2,Oakland,Raiders,Texans
2014-09-14,8,2,San Francisco,49ers,Bears
2014-09-15,8,2,Indianapolis,Colts,Eagles
2014-09-21,1,3,St. Louis,Rams,Cowboys
2014-09-21,1,3,Cleveland,Browns,Ravens
2014-09-21,1,3,New York,Giants,Giants
2014-09-21,1,3,Jacksonville,Jaguars,Colts
2014-09-21,1,3,Buffalo,Bills,Chargers
2014-09-21,1,3,Cincinnati,Bengals,Bengals
2014-09-21,1,3,New England,Patriots,Patriots
2014-09-21,1,3,Philadelphia,Eagles,Eagles
2014-09-21,4,3,Arizona,Cardinals,Cardinals
2014-09-21,4,3,Miami,Dolphins,Chiefs
2014-09-21,4,3,Seattle,Seahawks,Seahawks
2014-09-21,8,3,Carolina,Panthers,Steelers
2014-09-22,8,3,New York,Jets,Bears
2014-09-25,8,4,Washington,Redskins,Giants
2014-09-28,1,4,Chicago,Bears,Packers
2014-09-28,1,4,New York,Jets,Lions
2014-09-28,1,4,Baltimore,Ravens,Ravens
2014-09-28,1,4,Indianapolis,Colts,Colts
2014-09-28,1,4,Pittsburgh,Steelers,Buccaneers
2014-09-28,1,4,Oakland,Raiders,Dolphins
2014-09-28,4,4,San Diego,Chargers,Chargers
2014-09-28,4,4,San Francisco,49ers,49ers
2014-09-29,8,4,Kansas City,Chiefs,Chiefs
2014-10-02,8,5,Green Bay,Packers,Packers
2014-10-05,1,5,Tennessee,Titans,Browns
2014-10-05,1,5,Jacksonville,Jaguars,Steelers
2014-10-05,1,5,Philadelphia,Eagles,Eagles
2014-10-05,1,5,New York,Giants,Giants
2014-10-05,1,5,Carolina,Panthers,Panthers
2014-10-05,1,5,Indianapolis,Colts,Colts
2014-10-05,4,5,Denver,Broncos,Broncos
2014-10-05,4,5,San Francisco,49ers,49ers
2014-10-05,4,5,San Diego,Chargers,Chargers
2014-10-05,8,5,New England,Patriots,Patriots
2014-10-06,8,5,Washington,Redskins,Seahawks
2014-10-12,1,6,New York,Jets,Broncos
2014-10-12,1,6,Cleveland,Browns,Browns
2014-10-12,1,6,Buffalo,Bills,Patriots
2014-10-12,1,6,Tennessee,Titans,Titans
2014-10-12,1,6,Miami,Dolphins,Packers
2014-10-12,1,6,Tampa Bay,Buccaneers,Ravens
2014-10-12,1,6,Cincinnati,Bengals,Bengals
2014-10-12,4,6,Oakland,Raiders,Chargers
2014-10-12,4,6,Arizona,Cardinals,Cardinals
2014-10-12,4,6,Seattle,Seahawks,Cowboys
2014-10-12,8,6,Philadelphia,Eagles,Eagles
2014-10-13,8,6,St. Louis,Rams,49ers
2014-10-16,8,7,New England,Patriots,Patriots
2014-10-19,1,7,St. Louis,Rams,Rams
2014-10-19,1,7,Chicago,Bears,Dolphins
2014-10-19,1,7,Indianapolis,Colts,Colts
2014-10-19,1,7,Jacksonville,Jaguars,Jaguars
2014-10-19,1,7,Buffalo,Bills,Bills
2014-10-19,1,7,Washington,Redskins,Redskins
2014-10-19,1,7,Baltimore,Ravens,Ravens
2014-10-19,1,7,Green Bay,Packers,Packers
2014-10-19,4,7,San Diego,Chargers,Chiefs
2014-10-19,4,7,Oakland,Raiders,Cardinals
2014-10-19,8,7,Denver,Broncos,Broncos
2014-10-20,8,7,Pittsburgh,Steelers,Steelers
2014-10-23,8,8,Denver,Broncos,Broncos
2014-10-26,1,8,Cincinnati,Bengals,Bengals
2014-10-26,1,8,New York,Jets,Bills
2014-10-26,1,8,Jacksonville,Jaguars,Dolphins
2014-10-26,1,8,New England,Patriots,Patriots
2014-10-26,1,8,Tampa Bay,Buccaneers,Vikings
2014-10-26,1,8,Tennessee,Titans,Texans
2014-10-26,1,8,Kansas City,Chiefs,Chiefs
2014-10-26,1,8,Carolina,Panthers,Seahawks
2014-10-26,4,8,Arizona,Cardinals,Cardinals
2014-10-26,4,8,Cleveland,Browns,Browns
2014-10-26,4,8,Pittsburgh,Steelers,Steelers
2014-10-30,8,9,Carolina,Panthers,Saints
2014-11-02,1,9,Cleveland,Browns,Browns
2014-11-02,1,9,Cincinnati,Bengals,Bengals
2014-11-02,1,9,Miami,Dolphins,Dolphins
2014-11-02,1,9,Kansas City,Chiefs,Chiefs
2014-11-02,4,9,San Francisco,49ers,Rams
2014-11-02,4,9,New England,Patriots,Patriots
2014-11-02,4,9,Seattle,Seahawks,Seahawks
2014-11-02,8,9,Pittsburgh,Steelers,Steelers
2014-11-03,8,9,New York,Giants,Colts
2014-11-06,8,10,Cincinnati,Bengals,Browns
2014-11-09,1,10,Buffalo,Bills,Chiefs
2014-11-09,1,10,New York,Jets,Jets
2014-11-09,1,10,Baltimore,Ravens,Ravens
2014-11-09,1,10,Tampa Bay,Buccaneers,Falcons
2014-11-09,1,10,Jacksonville,Jaguars,Cowboys
2014-11-09,4,10,Oakland,Raiders,Broncos
2014-11-09,4,10,Arizona,Cardinals,Cardinals
2014-11-09,4,10,Seattle,Seahawks,Seahawks
2014-11-09,8,10,Green Bay,Packers,Packers
2014-11-10,8,10,Philadelphia,Eagles,Eagles
2014-11-13,8,11,Miami,Dolphins,Dolphins
2014-11-16,1,11,St. Louis,Rams,Rams
2014-11-16,1,11,Chicago,Bears,Bears
2014-11-16,1,11,New York,Giants,49ers
2014-11-16,1,11,Carolina,Panthers,Falcons
2014-11-16,1,11,Cleveland,Browns,Texans
2014-11-16,1,11,Washington,Redskins,Buccaneers
2014-11-16,1,11,Kansas City,Chiefs,Chiefs
2014-11-16,4,11,San Diego,Chargers,Chargers
2014-11-16,4,11,Green Bay,Packers,Packers
2014-11-16,4,11,Arizona,Cardinals,Cardinals
2014-11-16,8,11,Indianapolis,Colts,Patriots
2014-11-17,8,11,Tennessee,Titans,Steelers
2014-11-20,8,12,Oakland,Raiders,Raiders
2014-11-23,1,12,Indianapolis,Colts,Colts
2014-11-23,1,12,Philadelphia,Eagles,Eagles
2014-11-23,1,12,Chicago,Bears,Bears
2014-11-23,1,12,New England,Patriots,Patriots
2014-11-23,4,12,San Diego,Chargers,Chargers
2014-11-23,4,12,Seattle,Seahawks,Seahawks
2014-11-23,4,12,San Francisco,49ers,49ers
2014-11-23,4,12,Denver,Broncos,Broncos
2014-11-23,8,12,New York,Giants,Cowboys
2014-11-24,7,12,Buffalo,Bills,Bills
2014-11-27,8,13,San Francisco,49ers,Seahawks
2014-11-30,1,13,St. Louis,Rams,Rams
2014-11-30,1,13,Pittsburgh,Steelers,Saints
2014-11-30,1,13,Indianapolis,Colts,Colts
2014-11-30,1,13,Buffalo,Bills,Bills
2014-11-30,1,13,Tampa Bay,Buccaneers,Bengals
2014-11-30,1,13,Baltimore,Ravens,Chargers
2014-11-30,1,13,Jacksonville,Jaguars,Jaguars
2014-11-30,4,13,Green Bay,Packers,Packers
2014-11-30,8,13,Kansas City,Chiefs,Broncos
2014-12-01,8,13,New York,Jets,Dolphins
2014-12-04,8,14,Chicago,Bears,Cowboys
2014-12-07,1,14,Cincinnati,Bengals,Steelers
2014-12-07,1,14,Miami,Dolphins,Ravens
2014-12-07,1,14,Cleveland,Browns,Colts
2014-12-07,1,14,Washington,Redskins,Rams
2014-12-07,1,14,Tennessee,Titans,Giants
2014-12-07,1,14,Jacksonville,Jaguars,Texans
2014-12-07,4,14,Denver,Broncos,Broncos
2014-12-07,4,14,Arizona,Cardinals,Cardinals
2014-12-07,4,14,Oakland,Raiders,Raiders
2014-12-07,4,14,Philadelphia,Eagles,Seahawks
2014-12-07,8,14,San Diego,Chargers,Patriots
2014-12-08,8,14,Green Bay,Packers,Packers
2014-12-11,8,15,St. Louis,Rams,Cardinals
2014-12-14,1,15,Buffalo,Bills,Bills
2014-12-14,1,15,Baltimore,Ravens,Ravens
2014-12-14,1,15,Cleveland,Browns,Bengals
2014-12-14,1,15,New England,Patriots,Patriots
2014-12-14,1,15,Indianapolis,Colts,Colts
2014-12-14,1,15,New York,Giants,Giants
2014-12-14,1,15,Kansas City,Chiefs,Chiefs
2014-12-14,1,15,Carolina,Panthers,Panthers
2014-12-14,4,15,San Diego,Chargers,Broncos
2014-12-14,4,15,Tennessee,Titans,Jets
2014-12-14,4,15,Seattle,Seahawks,Seahawks
2014-12-14,8,15,Philadelphia,Eagles,Cowboys
2014-12-15,8,15,Chicago,Bears,Saints
2014-12-18,8,16,Jacksonville,Jaguars,Jaguars
2014-12-20,4,16,Washington,Redskins,Redskins
2014-12-20,8,16,San Francisco,49ers,Chargers
2014-12-21,1,16,New York,Jets,Patriots
2014-12-21,1,16,Pittsburgh,Steelers,Steelers
2014-12-21,1,16,Chicago,Bears,Lions
2014-12-21,1,16,Miami,Dolphins,Dolphins
2014-12-21,1,16,Tampa Bay,Buccaneers,Packers
2014-12-21,1,16,Carolina,Panthers,Panthers
2014-12-21,4,16,St. Louis,Rams,Giants
2014-12-21,4,16,Oakland,Raiders,Raiders
2014-12-21,8,16,Arizona,Cardinals,Seahawks
2014-12-22,8,16,Cincinnati,Bengals,Bengals
2014-12-28,1,17,Miami,Dolphins,Jets
2014-12-28,1,17,Tennessee,Titans,Colts
2014-12-28,1,17,New York,Giants,Eagles
2014-12-28,1,17,Baltimore,Ravens,Ravens
2014-12-28,1,17,New England,Patriots,Bills
2014-12-28,1,17,Tampa Bay,Buccaneers,Saints
2014-12-28,1,17,Kansas City,Chiefs,Chiefs
2014-12-28,1,17,Washington,Redskins,Cowboys
2014-12-28,4,17,San Francisco,49ers,49ers
2014-12-28,4,17,Green Bay,Packers,Packers
2014-12-28,4,17,Denver,Broncos,Broncos
2014-12-28,4,17,Seattle,Seahawks,Seahawks
2014-12-28,8,17,Pittsburgh,Steelers,Steelers
2014-01-03,4,WildCard,Carolina,Panthers,Panthers
2014-01-03,8,WildCard,Pittsburgh,Steelers,Ravens
2014-01-04,1,WildCard,Indianapolis,Colts,Colts
2014-01-10,4,Division,New England,Patriots,Patriots
2014-01-10,8,Division,Seattle,Seahawks,Seahawks
2014-01-11,1,Division,Green Bay,Packers,Packers
2014-01-11,4,Division,Denver,Broncos,Colts
2014-01-18,3,ConfChamp,Seattle,Seahawks,Seahawks
2014-01-18,6,ConfChamp,New England,Patriots,Patriots
2014-02-01,6,SuperBowl,New England,Patriots,Patriots
2015-09-10,8,1,New England,Patriots,Patriots
2015-09-13,1,1,St. Louis,Rams,Rams
2015-09-13,1,1,Chicago,Bears,Packers
2015-09-13,1,1,Washington,Redskins,Dolphins
2015-09-13,1,1,Jacksonville,Jaguars,Panthers
2015-09-13,1,1,Buffalo,Bills,Bills
2015-09-13,1,1,New York,Jets,Jets
2015-09-13,4,1,San Diego,Chargers,Chargers
2015-09-13,4,1,Arizona,Cardinals,Cardinals
2015-09-13,4,1,Denver,Broncos,Broncos
2015-09-13,4,1,Tampa Bay,Buccaneers,Titans
2015-09-13,4,1,Oakland,Raiders,Bengals
2015-09-14,10,1,San Francisco,49ers,49ers
2015-09-17,8,2,Kansas City,Chiefs,Broncos
2015-09-20,1,2,Chicago,Bears,Cardinals
2015-09-20,1,2,Cleveland,Browns,Browns
2015-09-20,1,2,New York,Giants,Falcons
2015-09-20,1,2,Carolina,Panthers,Panthers
2015-09-20,1,2,Pittsburgh,Steelers,Steelers
2015-09-20,1,2,Buffalo,Bills,Patriots
2015-09-20,1,2,Cincinnati,Bengals,Bengals
2015-09-20,1,2,Washington,Redskins,Redskins
2015-09-20,4,2,Jacksonville,Jaguars,Jaguars
2015-09-20,4,2,Oakland,Raiders,Raiders
2015-09-20,4,2,Philadelphia,Eagles,Cowboys
2015-09-20,8,2,Green Bay,Packers,Packers
2015-09-21,8,2,Indianapolis,Colts,Jets
2015-09-24,8,3,New York,Giants,Giants
2015-09-27,1,3,St. Louis,Rams,Steelers
2015-09-27,1,3,Cleveland,Browns,Raiders
2015-09-27,1,3,Baltimore,Ravens,Bengals
2015-09-27,1,3,Tennessee,Titans,Colts
2015-09-27,1,3,New York,Jets,Eagles
2015-09-27,1,3,Carolina,Panthers,Panthers
2015-09-27,1,3,New England,Patriots,Patriots
2015-09-27,4,3,Arizona,Cardinals,Cardinals
2015-09-27,4,3,Miami,Dolphins,Bills
2015-09-27,4,3,Seattle,Seahawks,Seahawks
2015-09-28,8,3,Green Bay,Packers,Packers
2015-10-01,8,4,Pittsburgh,Steelers,Ravens
2015-10-04,9,4,Miami,Dolphins,Jets
2015-10-04,1,4,Indianapolis,Colts,Colts
2015-10-04,1,4,Buffalo,Bills,Giants
2015-10-04,1,4,Chicago,Bears,Bears
2015-10-04,1,4,Cincinnati,Bengals,Bengals
2015-10-04,1,4,Washington,Redskins,Redskins
2015-10-04,1,4,Tampa Bay,Buccaneers,Panthers
2015-10-04,4,4,San Diego,Chargers,Chargers
2015-10-04,4,4,Arizona,Cardinals,Rams
2015-10-04,4,4,Denver,Broncos,Broncos
2015-10-04,4,4,San Francisco,49ers,Packers
2015-10-05,8,4,Seattle,Seahawks,Seahawks
2015-10-11,1,5,Baltimore,Ravens,Browns
2015-10-11,1,5,Kansas City,Chiefs,Bears
2015-10-11,1,5,Green Bay,Packers,Packers
2015-10-11,1,5,Tampa Bay,Buccaneers,Buccaneers
2015-10-11,1,5,Cincinnati,Bengals,Bengals
2015-10-11,1,5,Tennessee,Titans,Bills
2015-10-11,1,5,Philadelphia,Eagles,Eagles
2015-10-11,4,5,Oakland,Raiders,Broncos
2015-10-11,8,5,New York,Giants,Giants
2015-10-12,8,5,San Diego,Chargers,Steelers
2015-10-18,1,6,New York,Jets,Jets
2015-10-18,1,6,Buffalo,Bills,Bengals
2015-10-18,1,6,Cleveland,Browns,Broncos
2015-10-18,1,6,Jacksonville,Jaguars,Texans
2015-10-18,1,6,Tennessee,Titans,Dolphins
2015-10-18,1,6,Pittsburgh,Steelers,Steelers
2015-10-18,4,6,Seattle,Seahawks,Panthers
2015-10-18,4,6,Green Bay,Packers,Packers
2015-10-18,4,6,San Francisco,49ers,49ers
2015-10-18,8,6,Indianapolis,Colts,Patriots
2015-10-19,8,6,Philadelphia,Eagles,Eagles
2015-10-22,8,7,San Francisco,49ers,Seahawks
2015-10-25,8,7,Jacksonville,Jaguars,Jaguars
2015-10-25,1,7,St. Louis,Rams,Rams
2015-10-25,1,7,New England,Patriots,Patriots
2015-10-25,1,7,Miami,Dolphins,Dolphins
2015-10-25,1,7,Tennessee,Titans,Falcons
2015-10-25,1,7,Indianapolis,Colts,Saints
2015-10-25,1,7,Kansas City,Chiefs,Chiefs
2015-10-25,1,7,Washington,Redskins,Redskins
2015-10-25,4,7,San Diego,Chargers,Raiders
2015-10-25,4,7,New York,Giants,Giants
2015-10-25,8,7,Carolina,Panthers,Panthers
2015-10-26,8,7,Arizona,Cardinals,Cardinals
2015-10-29,8,8,New England,Patriots,Patriots
2015-11-01,9,8,Kansas City,Chiefs,Chiefs
2015-11-01,1,8,St. Louis,Rams,Rams
2015-11-01,1,8,Chicago,Bears,Vikings
2015-11-01,1,8,Pittsburgh,Steelers,Bengals
2015-11-01,1,8,Baltimore,Ravens,Ravens
2015-11-01,1,8,Cleveland,Browns,Cardinals
2015-11-01,4,8,Oakland,Raiders,Raiders
2015-11-01,8,8,Denver,Broncos,Broncos
2015-11-02,8,8,Carolina,Panthers,Panthers
2015-11-05,8,9,Cincinnati,Bengals,Bengals
2015-11-08,1,9,Buffalo,Bills,Bills
2015-11-08,1,9,New England,Patriots,Patriots
2015-11-08,1,9,New York,Jets,Jets
2015-11-08,1,9,Pittsburgh,Steelers,Steelers
2015-11-08,1,9,Carolina,Panthers,Panthers
2015-11-08,4,9,Tampa Bay,Buccaneers,Giants
2015-11-08,4,9,San Francisco,49ers,49ers
2015-11-08,4,9,Indianapolis,Colts,Colts
2015-11-09,8,9,San Diego,Chargers,Bears
2015-11-12,8,10,New York,Jets,Bills
2015-11-15,1,10,St. Louis,Rams,Bears
2015-11-15,1,10,Tennessee,Titans,Panthers
2015-11-15,1,10,Green Bay,Packers,Lions
2015-11-15,1,10,Pittsburgh,Steelers,Steelers
2015-11-15,1,10,Baltimore,Ravens,Jaguars
2015-11-15,1,10,Tampa Bay,Buccaneers,Buccaneers
2015-11-15,1,10,Philadelphia,Eagles,Dolphins
2015-11-15,1,10,Washington,Redskins,Redskins
2015-11-15,4,10,Oakland,Raiders,Vikings
2015-11-15,4,10,Denver,Broncos,Chiefs
2015-11-15,4,10,New York,Giants,Patriots
2015-11-15,8,10,Seattle,Seahawks,Cardinals
2015-11-16,8,10,Cincinnati,Bengals,Texans
2015-11-19,8,11,Jacksonville,Jaguars,Jaguars
2015-11-22,1,11,Philadelphia,Eagles,Buccaneers
2015-11-22,1,11,Baltimore,Ravens,Ravens
2015-11-22,1,11,Chicago,Bears,Broncos
2015-11-22,1,11,Carolina,Panthers,Panthers
2015-11-22,1,11,Miami,Dolphins,Cowboys
2015-11-22,4,11,San Diego,Chargers,Chiefs
2015-11-22,4,11,Seattle,Seahawks,Seahawks
2015-11-22,8,11,Arizona,Cardinals,Cardinals
2015-11-23,8,11,New England,Patriots,Patriots
2015-11-26,8,12,Green Bay,Packers,Bears
2015-11-29,1,12,New York,Jets,Jets
2015-11-29,1,12,Tennessee,Titans,Raiders
2015-11-29,1,12,Indianapolis,Colts,Colts
2015-11-29,1,12,Cincinnati,Bengals,Bengals
2015-11-29,1,12,Washington,Redskins,Redskins
2015-11-29,1,12,Kansas City,Chiefs,Chiefs
2015-11-29,1,12,Jacksonville,Jaguars,Chargers
2015-11-29,4,12,San Francisco,49ers,Cardinals
2015-11-29,4,12,Seattle,Seahawks,Seahawks
2015-11-29,8,12,Denver,Broncos,Broncos
2015-11-30,8,12,Cleveland,Browns,Ravens
2015-12-06,1,13,St. Louis,Rams,Cardinals
2015-12-06,1,13,Tennessee,Titans,Titans
2015-12-06,1,13,Chicago,Bears,49ers
2015-12-06,1,13,Buffalo,Bills,Bills
2015-12-06,1,13,Tampa Bay,Buccaneers,Buccaneers
2015-12-06,1,13,Cleveland,Browns,Bengals
2015-12-06,1,13,Miami,Dolphins,Dolphins
2015-12-06,1,13,New York,Giants,Jets
2015-12-06,4,13,San Diego,Chargers,Broncos
2015-12-06,4,13,Oakland,Raiders,Chiefs
2015-12-06,4,13,New England,Patriots,Eagles
2015-12-06,8,13,Pittsburgh,Steelers,Steelers
2015-12-07,8,13,Washington,Redskins,Cowboys
2015-12-10,8,14,Arizona,Cardinals,Cardinals
2015-12-13,1,14,Philadelphia,Eagles,Eagles
2015-12-13,1,14,Tampa Bay,Buccaneers,Saints
2015-12-13,1,14,New York,Jets,Jets
2015-12-13,1,14,Baltimore,Ravens,Seahawks
2015-12-13,1,14,Chicago,Bears,Redskins
2015-12-13,1,14,Jacksonville,Jaguars,Jaguars
2015-12-13,1,14,Cincinnati,Bengals,Steelers
2015-12-13,1,14,St. Louis,Rams,Rams
2015-12-13,1,14,Cleveland,Browns,Browns
2015-12-13,1,14,Carolina,Panthers,Panthers
2015-12-13,1,14,Kansas City,Chiefs,Chiefs
2015-12-13,4,14,Denver,Broncos,Raiders
2015-12-13,4,14,Green Bay,Packers,Packers
2015-12-14,8,14,Miami,Dolphins,Giants
2015-12-17,8,15,St. Louis,Rams,Rams
2015-12-20,1,15,New York,Giants,Panthers
2015-12-20,1,15,Indianapolis,Colts,Texans
2015-12-20,1,15,New England,Patriots,Patriots
2015-12-20,1,15,Jacksonville,Jaguars,Falcons
2015-12-20,1,15,Baltimore,Ravens,Chiefs
2015-12-20,1,15,Washington,Redskins,Redskins
2015-12-20,4,15,Oakland,Raiders,Packers
2015-12-20,4,15,Seattle,Seahawks,Seahawks
2015-12-20,4,15,San Diego,Chargers,Chargers
2015-12-20,4,15,San Francisco,49ers,Bengals
2015-12-20,4,15,Pittsburgh,Steelers,Steelers
2015-12-20,8,15,Philadelphia,Eagles,Cardinals
2015-12-24,8,16,Oakland,Raiders,Raiders
2015-12-26,8,16,Philadelphia,Eagles,Redskins
2015-12-27,1,16,Tennessee,Titans,Texans
2015-12-27,1,16,Baltimore,Ravens,Ravens
2015-12-27,1,16,Buffalo,Bills,Bills
2015-12-27,1,16,Miami,Dolphins,Colts
2015-12-27,1,16,New York,Jets,Jets
2015-12-27,1,16,Kansas City,Chiefs,Chiefs
2015-12-27,1,16,Tampa Bay,Buccaneers,Bears
2015-12-27,4,16,Arizona,Cardinals,Cardinals
2015-12-27,4,16,Seattle,Seahawks,Rams
2015-12-28,8,16,Denver,Broncos,Broncos
2015-01-03,1,17,Chicago,Bears,Lions
2015-01-03,1,17,Indianapolis,Colts,Colts
2015-01-03,1,17,Cincinnati,Bengals,Bengals
2015-01-03,1,17,Miami,Dolphins,Dolphins
2015-01-03,1,17,Cleveland,Browns,Steelers
2015-01-03,1,17,Buffalo,Bills,Bills
2015-01-03,1,17,New York,Giants,Eagles
2015-01-03,4,17,Denver,Broncos,Broncos
2015-01-03,4,17,San Francisco,49ers,49ers
2015-01-03,4,17,Carolina,Panthers,Panthers
2015-01-03,4,17,Arizona,Cardinals,Seahawks
2015-01-03,4,17,Kansas City,Chiefs,Chiefs
2015-01-03,8,17,Green Bay,Packers,Vikings
2015-01-09,8,WildCard,Cincinnati,Bengals,Steelers
2015-01-10,4,WildCard,Washington,Redskins,Packers
2015-01-16,4,Division,New England,Patriots,Patriots
2015-01-16,8,Division,Arizona,Cardinals,Cardinals
2015-01-17,1,Division,Carolina,Panthers,Panthers
2015-01-17,4,Division,Denver,Broncos,Broncos
2015-01-24,3,ConfChamp,Denver,Broncos,Broncos
2015-01-24,6,ConfChamp,Carolina,Panthers,Panthers
2015-02-07,6,SuperBowl,Denver,Broncos,Broncos
