,Season,Month,Home_Team,Weather_Element,Kickoff_Temp,Cloudiness
0,2008,Sep,Giants,Fair,72.0,0.0%
1,2008,Sep,Eagles,Fair,82.0,38.0%
2,2008,Sep,Dolphins,Rain - Light,59.0,97.0%
3,2008,Sep,Patriots,Fair,82.0,38.0%
4,2008,Sep,Steelers,Fair,72.0,14.0%
5,2008,Sep,Bills,Fair,82.0,38.0%
6,2008,Sep,Titans,,,nan%
7,2008,Sep,Ravens,Fair,82.0,38.0%
8,2008,Sep,Chargers,Fair,76.0,29.0%
9,2008,Sep,Browns,Fair,80.0,0.0%
10,2008,Sep,49ers,Fair,61.0,57.0%
11,2008,Sep,Colts,Fair,77.0,16.0%
12,2008,Sep,Packers,Rain - Light,56.0,89.0%
13,2008,Sep,Raiders,Rain - Light,57.0,35.0%
14,2008,Sep,Rams,Fair,94.0,2.0%
15,2008,Sep,Chiefs,Rain - Heavy,77.0,66.0%
16,2008,Sep,Bengals,Rain - Heavy,77.0,66.0%
17,2008,Sep,Redskins,Fair,94.0,2.0%
18,2008,Sep,Jaguars,Fair,64.0,0.0%
19,2008,Sep,Panthers,Fair,80.0,47.0%
20,2008,Sep,Buccaneers,Rain - Normal,81.0,71.0%
21,2008,Sep,Seahawks,Fair,66.0,3.0%
22,2008,Sep,Broncos,Rain - Normal,78.0,48.0%
23,2008,Sep,Jets,Fair,66.0,3.0%
24,2008,Sep,Cardinals,Fair,66.0,3.0%
25,2008,Sep,Browns,Fair,57.0,0.0%
26,2008,Sep,Titans,,,nan%
27,2008,Sep,Giants,Fair,79.0,24.0%
28,2008,Sep,Redskins,Fair,79.0,17.0%
29,2008,Sep,Bills,Fair,89.0,8.0%
30,2008,Sep,Patriots,Fair,89.0,8.0%
31,2008,Sep,Bears,Fair,67.0,6.0%
32,2008,Sep,Broncos,Fair,87.0,6.0%
33,2008,Sep,49ers,Fair,63.0,5.0%
34,2008,Sep,Seahawks,Fair,81.0,27.0%
35,2008,Sep,Eagles,Fair,87.0,6.0%
36,2008,Sep,Colts,Fair,87.0,6.0%
37,2008,Sep,Ravens,Fair,87.0,6.0%
38,2008,Sep,Packers,Fair,73.0,11.0%
39,2008,Sep,Chargers,Fair,74.0,11.0%
40,2008,Sep,Chiefs,Fair,85.0,56.0%
41,2008,Sep,Jaguars,Fair,84.0,3.0%
42,2008,Sep,Bengals,Fair,85.0,56.0%
43,2008,Sep,Jets,Fair,84.0,3.0%
44,2008,Sep,Buccaneers,Rain - Light,90.0,46.0%
45,2008,Sep,Titans,,,nan%
46,2008,Sep,Panthers,Fair,73.0,65.0%
47,2008,Sep,Raiders,Fair,56.0,16.0%
48,2008,Sep,Rams,Rain - Normal,75.0,63.0%
49,2008,Sep,Bears,Fair,58.0,23.0%
50,2008,Sep,Steelers,Fair,64.0,11.0%
51,2008,Oct,Ravens,Rain - Light,83.0,46.0%
52,2008,Oct,Packers,Fair,78.0,18.0%
53,2008,Oct,Giants,Fair,78.0,18.0%
54,2008,Oct,Dolphins,Rain - Normal,60.0,100.0%
55,2008,Oct,Panthers,Fair,62.0,5.0%
56,2008,Oct,Eagles,Rain - Light,83.0,46.0%
57,2008,Oct,Broncos,Rain - Light,82.0,68.0%
58,2008,Oct,49ers,Fair,49.0,3.0%
59,2008,Oct,Cardinals,Fair,80.0,8.0%
60,2008,Oct,Jaguars,Fair,72.0,30.0%
61,2008,Oct,Colts,Fair,78.0,84.0%
62,2008,Oct,Buccaneers,Rain - Normal,84.0,37.0%
63,2008,Oct,Jets,Fair,73.0,74.0%
64,2008,Oct,Redskins,Fair,74.0,0.0%
65,2008,Oct,Broncos,Fair,74.0,58.0%
66,2008,Oct,Cardinals,Fair,75.0,72.0%
67,2008,Oct,49ers,Fair,57.0,24.0%
68,2008,Oct,Seahawks,Fair,75.0,72.0%
69,2008,Oct,Chargers,Fair,71.0,53.0%
70,2008,Oct,Browns,Fair,65.0,0.0%
71,2008,Oct,Chiefs,Fair,81.0,15.0%
72,2008,Oct,Rams,Fair,57.0,0.0%
73,2008,Oct,Dolphins,Fair,56.0,85.0%
74,2008,Oct,Bills,Fair,81.0,15.0%
75,2008,Oct,Giants,Fair,68.0,0.0%
76,2008,Oct,Bears,Fair,86.0,5.0%
77,2008,Oct,Bengals,Fair,81.0,15.0%
78,2008,Oct,Panthers,Fair,55.0,9.0%
79,2008,Oct,Raiders,Fair,56.0,100.0%
80,2008,Oct,Packers,Fair,71.0,0.0%
81,2008,Oct,Redskins,Fair,61.0,0.0%
82,2008,Oct,Buccaneers,Rain - Light,74.0,62.0%
83,2008,Oct,Patriots,Fair,73.0,22.0%
84,2008,Oct,Ravens,Fair,84.0,10.0%
85,2008,Oct,Patriots,Fair,84.0,10.0%
86,2008,Oct,Eagles,Fair,84.0,10.0%
87,2008,Oct,Panthers,Rain - Light,54.0,53.0%
88,2008,Oct,Jets,Fair,57.0,0.0%
89,2008,Oct,Dolphins,Rain - Light,58.0,50.0%
90,2008,Oct,Jaguars,Fair,55.0,6.0%
91,2008,Oct,49ers,Fair,49.0,69.0%
92,2008,Oct,Steelers,Fair,55.0,6.0%
93,2008,Oct,Titans,,,nan%
94,2008,Nov,Rams,Fair,52.0,72.0%
95,2008,Nov,Bears,Fair,89.0,6.0%
96,2008,Nov,Titans,,,nan%
97,2008,Nov,Browns,Fair,89.0,6.0%
98,2008,Nov,Bills,Fair,81.0,71.0%
99,2008,Nov,Bengals,Fair,81.0,71.0%
100,2008,Nov,Chiefs,Fair,81.0,71.0%
101,2008,Nov,Broncos,Fair,78.0,58.0%
102,2008,Nov,Raiders,Fair,50.0,7.0%
103,2008,Nov,Giants,Fair,73.0,0.0%
104,2008,Nov,Seahawks,Fair,73.0,0.0%
105,2008,Nov,Colts,Rain - Light,74.0,36.0%
106,2008,Nov,Redskins,Fog/Mist,52.0,17.0%
107,2008,Nov,Browns,Rain - Light,72.0,54.0%
108,2008,Nov,Patriots,Rain - Light,64.0,35.0%
109,2008,Nov,Bears,Fair,68.0,43.0%
110,2008,Nov,Jets,Fair,46.0,7.0%
111,2008,Nov,Dolphins,Fair,51.0,41.0%
112,2008,Nov,Raiders,Rain - Light,46.0,81.0%
113,2008,Nov,Steelers,Fair,51.0,5.0%
114,2008,Nov,Chargers,Fair,51.0,5.0%
115,2008,Nov,Eagles,Fair,61.0,15.0%
116,2008,Nov,Cardinals,Fair,46.0,100.0%
117,2008,Nov,Patriots,Fair,67.0,65.0%
118,2008,Nov,Chiefs,Fair,76.0,16.0%
119,2008,Nov,Giants,Fair,59.0,5.0%
120,2008,Nov,Packers,Fair,59.0,5.0%
121,2008,Nov,Dolphins,Rain - Light,53.0,100.0%
122,2008,Nov,Buccaneers,Fair,86.0,90.0%
123,2008,Nov,Colts,Fair,76.0,16.0%
124,2008,Nov,Bengals,Fair,76.0,16.0%
125,2008,Nov,Panthers,Fair,35.0,100.0%
126,2008,Nov,49ers,Fair,50.0,30.0%
127,2008,Nov,Seahawks,Fair,62.0,4.0%
128,2008,Nov,Jaguars,Fair,62.0,4.0%
129,2008,Nov,Steelers,Fair,62.0,4.0%
130,2008,Nov,Redskins,Fair,41.0,8.0%
131,2008,Nov,Bills,Fair,67.0,11.0%
132,2008,Nov,Steelers,Fair,34.0,5.0%
133,2008,Nov,Chiefs,Fair,76.0,34.0%
134,2008,Nov,Rams,Fair,45.0,1.0%
135,2008,Nov,Titans,,,nan%
136,2008,Nov,Ravens,Fair,76.0,34.0%
137,2008,Nov,Dolphins,Rain - Normal,43.0,100.0%
138,2008,Nov,Browns,Rain - Light,84.0,17.0%
139,2008,Nov,Jaguars,Rain - Light,47.0,89.0%
140,2008,Nov,Broncos,Fair,73.0,16.0%
141,2008,Nov,Seahawks,Fair,57.0,5.0%
142,2008,Nov,Cardinals,Fair,57.0,5.0%
143,2008,Nov,Chargers,Fair,48.0,28.0%
144,2008,Nov,Eagles,Fair,54.0,0.0%
145,2008,Nov,Rams,Rain - Normal,42.0,100.0%
146,2008,Nov,Bills,Fair,66.0,0.0%
147,2008,Nov,Buccaneers,Fair,76.0,0.0%
148,2008,Nov,Browns,Fair,86.0,23.0%
149,2008,Nov,Bengals,Fair,66.0,0.0%
150,2008,Nov,Packers,Fair,41.0,100.0%
151,2008,Nov,Redskins,Rain - Normal,42.0,100.0%
152,2008,Nov,Chargers,Rain - Light,42.0,46.0%
153,2008,Nov,Jets,Rain - Light,42.0,46.0%
154,2008,Nov,Raiders,Fair,40.0,43.0%
155,2008,Nov,Patriots,Fair,62.0,0.0%
156,2008,Dec,Chargers,Fair,29.0,60.0%
157,2008,Dec,Bears,Rain - Light,82.0,46.0%
158,2008,Dec,Colts,Fair,63.0,0.0%
159,2008,Dec,Packers,Fair,51.0,12.0%
160,2008,Dec,Titans,,,nan%
161,2008,Dec,Giants,Fair,51.0,12.0%
162,2008,Dec,Bills,Fair,60.0,0.0%
163,2008,Dec,Broncos,Fair,60.0,0.0%
164,2008,Dec,49ers,Fair,46.0,54.0%
165,2008,Dec,Seahawks,Fair,58.0,45.0%
166,2008,Dec,Cardinals,Fair,58.0,45.0%
167,2008,Dec,Steelers,Fair,58.0,45.0%
168,2008,Dec,Ravens,Fair,57.0,15.0%
169,2008,Dec,Panthers,Fair,30.0,93.0%
170,2008,Dec,Bears,Fair,70.0,4.0%
171,2008,Dec,Rams,Fair,45.0,6.0%
172,2008,Dec,Chiefs,Rain - Light,61.0,90.0%
173,2008,Dec,Colts,Rain - Light,61.0,90.0%
174,2008,Dec,Jets,Fair,38.0,5.0%
175,2008,Dec,Bengals,Rain - Light,61.0,90.0%
176,2008,Dec,Dolphins,Fair,40.0,77.0%
177,2008,Dec,Jaguars,Fair,38.0,5.0%
178,2008,Dec,Cardinals,Fair,30.0,12.0%
179,2008,Dec,Raiders,Fair,41.0,45.0%
180,2008,Dec,Panthers,Rain - Light,38.0,100.0%
181,2008,Dec,Ravens,Fair,60.0,33.0%
182,2008,Dec,Eagles,Fair,55.0,0.0%
183,2008,Dec,Jaguars,Rain - Light,41.0,100.0%
184,2008,Dec,Chiefs,Fair,76.0,14.0%
185,2008,Dec,Rams,Fair,41.0,1.0%
186,2008,Dec,Patriots,Fair,76.0,14.0%
187,2008,Dec,Titans,,,nan%
188,2008,Dec,Buccaneers,Fair,84.0,10.0%
189,2008,Dec,Browns,Fair,92.0,10.0%
190,2008,Dec,Raiders,Rain - Light,53.0,100.0%
191,2008,Dec,Broncos,Fair,70.0,9.0%
192,2008,Dec,Seahawks,Fair,24.0,32.0%
193,2008,Dec,Redskins,Fair,35.0,0.0%
194,2008,Dec,Giants,Fair,15.0,0.0%
195,2008,Dec,Bears,Fair,71.0,9.0%
196,2008,Dec,Packers,Fair,48.0,4.0%
197,2008,Dec,Colts,Fair,69.0,28.0%
198,2008,Dec,Bills,Fair,69.0,28.0%
199,2008,Dec,Steelers,Fair,48.0,4.0%
200,2008,Dec,Buccaneers,Fair,85.0,15.0%
201,2008,Dec,Bengals,Fair,69.0,28.0%
202,2008,Dec,Cardinals,Fair,51.0,4.0%
203,2008,Dec,Eagles,Fair,67.0,32.0%
204,2008,Dec,49ers,Fair,42.0,5.0%
205,2008,Dec,Ravens,Fair,67.0,32.0%
206,2008,Dec,Jets,Fair,51.0,4.0%
207,2008,Dec,Chargers,Fair,40.0,0.0%
208,2008,Jan,Cardinals,,,nan%
209,2008,Jan,Chargers,,,nan%
210,2008,Jan,Dolphins,,,nan%
211,2008,Jan,Titans,,,nan%
212,2008,Jan,Panthers,,,nan%
213,2008,Jan,Giants,,,nan%
214,2008,Jan,Steelers,,,nan%
215,2008,Jan,Cardinals,,,nan%
216,2008,Jan,Steelers,,,nan%
217,2008,Feb,Steelers,,,nan%
218,2009,Sep,Steelers,Rain - Light,72.0,42.0%
219,2009,Sep,Colts,Rain - Light,84.0,77.0%
220,2009,Sep,Ravens,Rain - Light,84.0,77.0%
221,2009,Sep,Bengals,Rain - Light,84.0,77.0%
222,2009,Sep,Browns,Fair,82.0,1.0%
223,2009,Sep,Buccaneers,Fair,86.0,75.0%
224,2009,Sep,Panthers,Fair,79.0,8.0%
225,2009,Sep,Cardinals,Fair,73.0,64.0%
226,2009,Sep,Giants,Fair,74.0,87.0%
227,2009,Sep,Seahawks,Fair,74.0,87.0%
228,2009,Sep,Packers,Fair,68.0,36.0%
229,2009,Sep,Patriots,Rain - Normal,80.0,69.0%
230,2009,Sep,Raiders,Fair,51.0,3.0%
231,2009,Sep,Chiefs,Fair,81.0,79.0%
232,2009,Sep,Packers,Fair,75.0,24.0%
233,2009,Sep,Jets,Fair,75.0,24.0%
234,2009,Sep,Redskins,Fair,74.0,3.0%
235,2009,Sep,Titans,,,nan%
236,2009,Sep,Jaguars,Fair,75.0,24.0%
237,2009,Sep,Eagles,Fair,81.0,79.0%
238,2009,Sep,49ers,Fair,58.0,44.0%
239,2009,Sep,Bills,Rain - Light,81.0,87.0%
240,2009,Sep,Broncos,Rain - Light,81.0,87.0%
241,2009,Sep,Chargers,Fair,79.0,30.0%
242,2009,Sep,Bears,Fair,69.0,24.0%
243,2009,Sep,Dolphins,Fair,61.0,17.0%
244,2009,Sep,Rams,Fair,74.0,21.0%
245,2009,Sep,Buccaneers,Fair,91.0,27.0%
246,2009,Sep,Eagles,Fair,80.0,100.0%
247,2009,Sep,Patriots,Fair,80.0,100.0%
248,2009,Sep,Ravens,Fair,80.0,100.0%
249,2009,Sep,Jets,Fair,83.0,0.0%
250,2009,Sep,Bills,Fair,81.0,96.0%
251,2009,Sep,Seahawks,Fair,87.0,0.0%
252,2009,Sep,Chargers,Fair,87.0,0.0%
253,2009,Sep,Bengals,Fair,81.0,96.0%
254,2009,Sep,Raiders,Fair,61.0,61.0%
255,2009,Sep,Cardinals,Fair,73.0,0.0%
256,2009,Oct,Chiefs,Fair,79.0,71.0%
257,2009,Oct,Redskins,Fair,69.0,0.0%
258,2009,Oct,Patriots,Fair,79.0,71.0%
259,2009,Oct,Bears,Rain - Normal,69.0,22.0%
260,2009,Oct,Colts,Fair,79.0,71.0%
261,2009,Oct,Browns,Rain - Normal,69.0,22.0%
262,2009,Oct,Jaguars,Fair,61.0,13.0%
263,2009,Oct,Dolphins,Fair,60.0,42.0%
264,2009,Oct,Broncos,Rain - Light,76.0,92.0%
265,2009,Oct,49ers,Fair,54.0,66.0%
266,2009,Oct,Steelers,Fair,57.0,43.0%
267,2009,Oct,Rams,Fair,68.0,9.0%
268,2009,Oct,Chiefs,Rain - Light,76.0,100.0%
269,2009,Oct,Bills,Rain - Light,76.0,100.0%
270,2009,Oct,Eagles,Rain - Light,76.0,100.0%
271,2009,Oct,Giants,Fair,46.0,13.0%
272,2009,Oct,Ravens,Rain - Light,76.0,100.0%
273,2009,Oct,Panthers,Fair,47.0,44.0%
274,2009,Oct,49ers,Fair,57.0,31.0%
275,2009,Oct,Cardinals,Fair,49.0,77.0%
276,2009,Oct,Seahawks,Fair,49.0,77.0%
277,2009,Oct,Broncos,Fair,75.0,99.0%
278,2009,Oct,Titans,,,nan%
279,2009,Oct,Dolphins,Fair,52.0,6.0%
280,2009,Oct,Buccaneers,Rain - Light,84.0,28.0%
281,2009,Oct,Steelers,Fair,60.0,4.0%
282,2009,Oct,Bengals,Fair,78.0,4.0%
283,2009,Oct,Packers,Fair,60.0,4.0%
284,2009,Oct,Jaguars,Fair,60.0,4.0%
285,2009,Oct,Redskins,Fair,41.0,74.0%
286,2009,Oct,Raiders,Fair,56.0,70.0%
287,2009,Oct,Seahawks,Fair,65.0,0.0%
288,2009,Oct,Jets,Fair,65.0,0.0%
289,2009,Oct,Patriots,Fair,76.0,6.0%
290,2009,Oct,Chargers,Fair,65.0,46.0%
291,2009,Oct,Rams,Fair,58.0,49.0%
292,2009,Oct,Chiefs,Fair,80.0,0.0%
293,2009,Oct,Browns,Fair,85.0,6.0%
294,2009,Oct,Steelers,Rain - Light,53.0,78.0%
295,2009,Oct,Buccaneers,Fair,88.0,37.0%
296,2009,Oct,Panthers,Fair,57.0,34.0%
297,2009,Oct,Raiders,Fair,56.0,85.0%
298,2009,Oct,Dolphins,Fair,58.0,71.0%
299,2009,Oct,Bengals,Fair,74.0,0.0%
300,2009,Oct,Giants,Rain - Light,50.0,52.0%
301,2009,Oct,Redskins,Fair,52.0,35.0%
302,2009,Nov,Bears,Rain - Light,74.0,26.0%
303,2009,Nov,Jets,Fair,65.0,0.0%
304,2009,Nov,Ravens,Fair,81.0,4.0%
305,2009,Nov,Bills,Fair,81.0,4.0%
306,2009,Nov,Colts,Fair,81.0,4.0%
307,2009,Nov,Eagles,Fair,81.0,4.0%
308,2009,Nov,Titans,,,nan%
309,2009,Nov,Chargers,Fair,68.0,2.0%
310,2009,Nov,Packers,Fair,68.0,2.0%
311,2009,Nov,Cardinals,Fair,68.0,2.0%
312,2009,Nov,Patriots,Rain - Light,83.0,28.0%
313,2009,Nov,Bengals,Rain - Light,83.0,28.0%
314,2009,Nov,Colts,Rain - Light,83.0,28.0%
315,2009,Nov,Bears,Fair,83.0,9.0%
316,2009,Nov,Jaguars,Fair,69.0,58.0%
317,2009,Nov,Buccaneers,Fair,91.0,10.0%
318,2009,Nov,Seahawks,Fair,69.0,10.0%
319,2009,Nov,49ers,Fair,51.0,8.0%
320,2009,Nov,Giants,Fair,69.0,10.0%
321,2009,Nov,Eagles,Fair,75.0,20.0%
322,2009,Nov,Broncos,Rain - Light,74.0,68.0%
323,2009,Nov,49ers,Fair,49.0,11.0%
324,2009,Nov,Rams,Fair,69.0,0.0%
325,2009,Nov,Jets,Rain - Light,42.0,100.0%
326,2009,Nov,Steelers,Rain - Light,42.0,100.0%
327,2009,Nov,Redskins,Fair,69.0,0.0%
328,2009,Nov,Titans,,,nan%
329,2009,Nov,Panthers,Rain - Light,51.0,31.0%
330,2009,Nov,Dolphins,Fair,55.0,24.0%
331,2009,Nov,Raiders,Fair,54.0,9.0%
332,2009,Nov,Chargers,Rain - Light,42.0,100.0%
333,2009,Nov,Cardinals,Rain - Light,42.0,100.0%
334,2009,Nov,Packers,Rain - Light,42.0,100.0%
335,2009,Nov,Colts,Fair,64.0,92.0%
336,2009,Nov,Browns,Rain - Normal,57.0,75.0%
337,2009,Nov,Panthers,Fair,43.0,66.0%
338,2009,Nov,Chiefs,Fair,68.0,46.0%
339,2009,Nov,Buccaneers,Fair,80.0,12.0%
340,2009,Nov,Ravens,Fair,68.0,46.0%
341,2009,Nov,Packers,Fair,53.0,77.0%
342,2009,Nov,Jaguars,Fair,53.0,77.0%
343,2009,Nov,Giants,Fair,53.0,77.0%
344,2009,Nov,Rams,Fair,52.0,22.0%
345,2009,Nov,Broncos,Fair,64.0,62.0%
346,2009,Nov,Patriots,Fair,64.0,62.0%
347,2009,Nov,Raiders,Rain - Light,49.0,100.0%
348,2009,Nov,Bears,Fair,65.0,16.0%
349,2009,Nov,Broncos,Fair,65.0,10.0%
350,2009,Nov,Rams,Fair,60.0,5.0%
351,2009,Nov,Bengals,Fair,70.0,12.0%
352,2009,Nov,Bills,Fair,70.0,12.0%
353,2009,Nov,Jets,Fair,44.0,48.0%
354,2009,Nov,Eagles,Fair,70.0,12.0%
355,2009,Nov,49ers,Rain - Light,44.0,100.0%
356,2009,Nov,Chargers,Fair,45.0,48.0%
357,2009,Nov,Titans,,,nan%
358,2009,Nov,Ravens,Fair,63.0,73.0%
359,2009,Dec,Bills,Fair,57.0,7.0%
360,2009,Dec,Chiefs,Fair,64.0,44.0%
361,2009,Dec,Bears,Fair,83.0,11.0%
362,2009,Dec,Steelers,Snow - Light,32.0,100.0%
363,2009,Dec,Bengals,Fair,64.0,44.0%
364,2009,Dec,Dolphins,Fair,52.0,6.0%
365,2009,Dec,Panthers,Fair,35.0,46.0%
366,2009,Dec,Redskins,Fair,35.0,12.0%
367,2009,Dec,Colts,Fair,64.0,44.0%
368,2009,Dec,Jaguars,Snow - Light,32.0,100.0%
369,2009,Dec,Browns,Fair,80.0,8.0%
370,2009,Dec,Giants,Snow - Heavy,33.0,100.0%
371,2009,Dec,Seahawks,Snow - Heavy,33.0,100.0%
372,2009,Dec,Cardinals,Fair,30.0,86.0%
373,2009,Dec,Packers,Fair,27.0,93.0%
374,2009,Dec,Browns,Rain - Light,66.0,15.0%
375,2009,Dec,Chiefs,Fair,74.0,13.0%
376,2009,Dec,Buccaneers,Fair,86.0,9.0%
377,2009,Dec,Ravens,Fair,74.0,13.0%
378,2009,Dec,Patriots,Fair,74.0,13.0%
379,2009,Dec,Bears,Rain - Light,81.0,20.0%
380,2009,Dec,Colts,Fair,74.0,13.0%
381,2009,Dec,Jaguars,Fair,48.0,1.0%
382,2009,Dec,Titans,,,nan%
383,2009,Dec,Raiders,Fair,43.0,16.0%
384,2009,Dec,Giants,Fair,46.0,17.0%
385,2009,Dec,49ers,Rain - Light,46.0,100.0%
386,2009,Dec,Jaguars,Fair,40.0,100.0%
387,2009,Dec,Rams,Fair,29.0,14.0%
388,2009,Dec,Chiefs,Fair,58.0,3.0%
389,2009,Dec,Titans,,,nan%
390,2009,Dec,Bills,Fair,58.0,3.0%
391,2009,Dec,Jets,Fair,49.0,2.0%
392,2009,Dec,Chargers,Fair,50.0,0.0%
393,2009,Dec,Broncos,Fair,56.0,0.0%
394,2009,Dec,Steelers,Fair,50.0,0.0%
395,2009,Dec,Ravens,Fair,56.0,0.0%
396,2009,Dec,Eagles,Fair,56.0,0.0%
397,2009,Dec,Seahawks,Fair,50.0,0.0%
398,2009,Dec,Panthers,Fair,24.0,60.0%
399,2009,Dec,Redskins,Fog/Mist,27.0,15.0%
400,2009,Dec,Titans,,,nan%
401,2009,Dec,Browns,Fair,82.0,13.0%
402,2009,Dec,Patriots,Rain - Light,55.0,100.0%
403,2009,Dec,Dolphins,Fair,42.0,78.0%
404,2009,Dec,Steelers,Fair,31.0,29.0%
405,2009,Dec,Packers,Fair,31.0,29.0%
406,2009,Dec,Bengals,Rain - Light,55.0,100.0%
407,2009,Dec,Giants,Fair,31.0,29.0%
408,2009,Dec,49ers,Fair,40.0,13.0%
409,2009,Dec,Cardinals,Fair,33.0,39.0%
410,2009,Dec,Eagles,Rain - Light,55.0,40.0%
411,2009,Dec,Colts,Rain - Light,55.0,40.0%
412,2009,Dec,Redskins,Fair,39.0,12.0%
413,2009,Dec,Bears,Fair,66.0,7.0%
414,2009,Jan,Rams,Fair,40.0,7.0%
415,2009,Jan,Browns,Fair,83.0,13.0%
416,2009,Jan,Dolphins,Fair,39.0,4.0%
417,2009,Jan,Bills,Fair,61.0,8.0%
418,2009,Jan,Buccaneers,Fair,77.0,59.0%
419,2009,Jan,Panthers,Fair,26.0,16.0%
420,2009,Jan,Cardinals,Fair,55.0,0.0%
421,2009,Jan,Broncos,Fair,60.0,5.0%
422,2009,Jan,Chargers,Fair,55.0,0.0%
423,2009,Jan,Raiders,Fair,38.0,18.0%
424,2009,Jan,Seahawks,Fair,55.0,0.0%
425,2009,Jan,Jets,Fair,36.0,14.0%
426,2009,Jan,Bengals,Fair,59.0,0.0%
427,2009,Jan,Patriots,Fair,55.0,0.0%
428,2009,Jan,Cardinals,Fair,38.0,0.0%
429,2009,Jan,Colts,Fair,54.0,0.0%
430,2009,Jan,Chargers,Fair,53.0,0.0%
431,2009,Jan,Colts,Fair,54.0,14.0%
432,2010,Sep,Steelers,Fair,83.0,2.0%
433,2010,Sep,Bears,Fair,78.0,4.0%
434,2010,Sep,Buccaneers,Rain - Normal,81.0,67.0%
435,2010,Sep,Patriots,Rain - Light,88.0,15.0%
436,2010,Sep,Bills,Rain - Light,88.0,15.0%
437,2010,Sep,Titans,,,nan%
438,2010,Sep,Jaguars,Fair,83.0,2.0%
439,2010,Sep,Giants,Fair,83.0,2.0%
440,2010,Sep,Rams,Fair,71.0,75.0%
441,2010,Sep,Eagles,Rain - Light,84.0,22.0%
442,2010,Sep,Seahawks,Fair,85.0,4.0%
443,2010,Sep,Redskins,Fog/Mist,61.0,100.0%
444,2010,Sep,Jets,Fair,81.0,9.0%
445,2010,Sep,Chiefs,Fog/Mist,75.0,9.0%
446,2010,Sep,Bengals,Rain - Light,88.0,29.0%
447,2010,Sep,Packers,Fair,85.0,11.0%
448,2010,Sep,Titans,,,nan%
449,2010,Sep,Browns,Fair,83.0,0.0%
450,2010,Sep,Panthers,Fair,70.0,28.0%
451,2010,Sep,Raiders,Fair,60.0,56.0%
452,2010,Sep,Broncos,Rain - Light,83.0,45.0%
453,2010,Sep,Redskins,Fair,83.0,11.0%
454,2010,Sep,Chargers,Fair,89.0,25.0%
455,2010,Sep,Jets,Fair,89.0,25.0%
456,2010,Sep,Colts,Rain - Light,78.0,49.0%
457,2010,Sep,49ers,Fair,59.0,32.0%
458,2010,Sep,Ravens,Fair,91.0,14.0%
459,2010,Sep,Giants,Fair,67.0,0.0%
460,2010,Sep,Patriots,Fair,91.0,14.0%
461,2010,Sep,Panthers,Fair,58.0,64.0%
462,2010,Sep,Buccaneers,Rain - Light,92.0,40.0%
463,2010,Sep,Chiefs,Fair,91.0,14.0%
464,2010,Sep,Rams,Rain - Light,65.0,88.0%
465,2010,Sep,Jaguars,Fair,68.0,0.0%
466,2010,Sep,Cardinals,Fair,68.0,0.0%
467,2010,Sep,Broncos,Fair,85.0,15.0%
468,2010,Sep,Seahawks,Fair,68.0,0.0%
469,2010,Sep,Dolphins,Rain - Normal,51.0,100.0%
470,2010,Sep,Bears,Fair,58.0,22.0%
471,2010,Oct,Rams,Rain - Light,61.0,83.0%
472,2010,Oct,Packers,Fair,61.0,0.0%
473,2010,Oct,Titans,,,nan%
474,2010,Oct,Browns,Fair,89.0,13.0%
475,2010,Oct,Steelers,Fair,61.0,0.0%
476,2010,Oct,Bills,Rain - Light,84.0,20.0%
477,2010,Oct,Raiders,Fair,59.0,39.0%
478,2010,Oct,Jaguars,Fair,63.0,0.0%
479,2010,Oct,Eagles,Rain - Normal,78.0,32.0%
480,2010,Oct,Chargers,Fair,63.0,0.0%
481,2010,Oct,Giants,Fair,52.0,0.0%
482,2010,Oct,Dolphins,Fog/Mist,57.0,59.0%
483,2010,Oct,Bills,Fair,82.0,61.0%
484,2010,Oct,Redskins,Fair,73.0,13.0%
485,2010,Oct,Ravens,Fair,82.0,61.0%
486,2010,Oct,Browns,Fair,88.0,2.0%
487,2010,Oct,Panthers,Fair,77.0,2.0%
488,2010,Oct,Bengals,Fair,82.0,61.0%
489,2010,Oct,Colts,Fair,82.0,61.0%
490,2010,Oct,Cardinals,Rain - Light,68.0,53.0%
491,2010,Oct,Raiders,Fair,59.0,25.0%
492,2010,Oct,49ers,Fair,55.0,10.0%
493,2010,Oct,Jets,Fair,56.0,31.0%
494,2010,Oct,Rams,Fair,71.0,3.0%
495,2009,Nov,Buccaneers,Rain - Light,45.0,100.0%
496,2009,Nov,Rams,Fair,51.0,3.0%
497,2009,Nov,Raiders,Rain - Light,50.0,96.0%
498,2009,Dec,Redskins,Fair,37.0,14.0%
499,2009,Dec,Buccaneers,Fair,52.0,28.0%
500,2009,Dec,Redskins,Fair,39.0,8.0%
501,2009,Jan,Buccaneers,Fair,46.0,4.0%
502,2010,Sep,Buccaneers,Fair,89.0,13.0%
503,2010,Sep,Rams,Fair,71.0,77.0%
504,2010,Sep,49ers,Fair,58.0,32.0%
505,2010,Sep,Buccaneers,Fair,78.0,2.0%
506,2010,Oct,Redskins,Fair,74.0,13.0%
507,2010,Oct,Patriots,Rain - Light,78.0,40.0%
508,2010,Oct,Steelers,Fair,74.0,10.0%
509,2010,Oct,Bears,Fair,73.0,15.0%
510,2010,Oct,Eagles,Rain - Light,78.0,40.0%
511,2010,Oct,Packers,Fair,74.0,10.0%
512,2010,Oct,Buccaneers,Fair,72.0,28.0%
513,2010,Oct,Giants,Fair,74.0,10.0%
514,2010,Oct,49ers,Fair,55.0,79.0%
515,2010,Oct,Broncos,Fair,74.0,54.0%
516,2010,Oct,Redskins,Fair,58.0,4.0%
517,2010,Oct,Jaguars,Rain - Normal,59.0,37.0%
518,2010,Oct,Dolphins,Fair,48.0,31.0%
519,2010,Oct,Ravens,Fair,81.0,72.0%
520,2010,Oct,Titans,,,nan%
521,2010,Oct,Buccaneers,Fair,65.0,63.0%
522,2010,Oct,Panthers,Fair,72.0,15.0%
523,2010,Oct,Chiefs,Fair,81.0,72.0%
524,2010,Oct,Bears,Fair,85.0,5.0%
525,2010,Oct,Seahawks,Fair,74.0,6.0%
526,2010,Oct,Chargers,Fair,74.0,6.0%
527,2010,Oct,Broncos,Rain - Light,76.0,85.0%
528,2010,Oct,Packers,Fair,61.0,3.0%
529,2010,Oct,Rams,Fair,60.0,11.0%
530,2010,Oct,Jets,Fair,64.0,4.0%
531,2010,Oct,Bengals,Fair,72.0,0.0%
532,2010,Oct,49ers,Rain - Normal,50.0,100.0%
533,2010,Oct,Chiefs,Fair,72.0,0.0%
534,2010,Oct,Chargers,Fair,66.0,9.0%
535,2010,Oct,Patriots,Fair,65.0,0.0%
536,2010,Oct,Cardinals,Fair,66.0,9.0%
537,2010,Oct,Raiders,Rain - Light,52.0,85.0%
538,2010,Nov,Colts,Fair,58.0,0.0%
539,2010,Nov,Ravens,Fair,78.0,33.0%
540,2010,Nov,Bills,Fair,78.0,33.0%
541,2010,Nov,Browns,Rain - Light,78.0,12.0%
542,2010,Nov,Panthers,Fair,48.0,12.0%
543,2010,Nov,Seahawks,Fair,69.0,0.0%
544,2010,Nov,Raiders,Fair,45.0,60.0%
545,2010,Nov,Eagles,Fair,72.0,7.0%
546,2010,Nov,Packers,Fair,56.0,1.0%
547,2010,Nov,Bengals,Fair,63.0,0.0%
548,2010,Nov,Bears,Rain - Normal,81.0,19.0%
549,2010,Nov,Bills,Fair,77.0,35.0%
550,2010,Nov,Browns,Rain - Normal,81.0,19.0%
551,2010,Nov,Colts,Fair,77.0,35.0%
552,2010,Nov,Buccaneers,Fair,66.0,6.0%
553,2010,Nov,Dolphins,Rain - Normal,42.0,74.0%
554,2010,Nov,Jaguars,Fair,54.0,30.0%
555,2010,Nov,Broncos,Fair,72.0,31.0%
556,2010,Nov,Giants,Fair,53.0,43.0%
557,2010,Nov,Cardinals,Fair,53.0,43.0%
558,2010,Nov,49ers,Fair,43.0,7.0%
559,2010,Nov,Steelers,Fair,42.0,29.0%
560,2010,Nov,Redskins,Fog/Mist,49.0,82.0%
561,2010,Nov,Dolphins,Fog/Mist,45.0,100.0%
562,2010,Nov,Bengals,Fair,79.0,4.0%
563,2010,Nov,Steelers,Fair,61.0,0.0%
564,2010,Nov,Titans,,,nan%
565,2010,Nov,Chiefs,Fair,79.0,4.0%
566,2010,Nov,Jaguars,Fair,61.0,0.0%
567,2010,Nov,Jets,Fair,61.0,0.0%
568,2010,Nov,Panthers,Fair,50.0,85.0%
569,2010,Nov,Rams,Fair,51.0,5.0%
570,2010,Nov,49ers,Rain - Light,44.0,90.0%
571,2010,Nov,Patriots,Fair,72.0,3.0%
572,2010,Nov,Eagles,Fog/Mist,63.0,8.0%
573,2010,Nov,Chargers,Fair,42.0,4.0%
574,2010,Nov,Jets,Fair,29.0,4.0%
575,2010,Nov,Giants,Fair,49.0,0.0%
576,2010,Nov,Redskins,Fair,53.0,0.0%
577,2010,Nov,Bills,Fair,70.0,46.0%
578,2010,Nov,Browns,Fair,86.0,4.0%
579,2010,Nov,Raiders,Snow - Heavy,32.0,64.0%
580,2010,Nov,Seahawks,Fair,53.0,0.0%
581,2010,Nov,Bears,Fair,82.0,9.0%
582,2010,Nov,Ravens,Fair,64.0,58.0%
583,2010,Nov,Broncos,Fair,64.0,58.0%
584,2010,Nov,Colts,Fair,60.0,38.0%
585,2010,Nov,Cardinals,Fair,34.0,26.0%
586,2010,Dec,Eagles,Fair,65.0,3.0%
587,2010,Dec,Giants,Fair,35.0,27.0%
588,2010,Dec,Packers,Fair,35.0,27.0%
589,2010,Dec,Dolphins,Fog/Mist,34.0,100.0%
590,2010,Dec,Bengals,Fair,85.0,0.0%
591,2010,Dec,Chiefs,Fair,85.0,0.0%
592,2010,Dec,Titans,,,nan%
593,2010,Dec,Chargers,Fair,37.0,22.0%
594,2010,Dec,Colts,Fair,73.0,0.0%
595,2010,Dec,Cardinals,Fair,37.0,22.0%
596,2010,Dec,Buccaneers,Fair,66.0,0.0%
597,2010,Dec,Seahawks,Fair,37.0,22.0%
598,2010,Dec,Ravens,Fair,65.0,0.0%
599,2010,Dec,Patriots,Fair,65.0,23.0%
600,2010,Dec,Titans,,,nan%
601,2010,Dec,Jaguars,Fair,29.0,3.0%
602,2010,Dec,Bills,Fair,74.0,45.0%
603,2010,Dec,Steelers,Fair,29.0,3.0%
604,2010,Dec,Panthers,Snow - Heavy,32.0,100.0%
605,2010,Dec,Redskins,Fair,41.0,100.0%
606,2010,Dec,49ers,Fair,41.0,0.0%
607,2010,Dec,Cardinals,Fair,32.0,4.0%
608,2010,Dec,Jets,Fair,32.0,4.0%
609,2010,Dec,Chargers,Fair,32.0,4.0%
610,2010,Dec,Bears,Fair,69.0,36.0%
611,2010,Dec,Chargers,Fair,31.0,34.0%
612,2010,Dec,Rams,Fair,33.0,2.0%
613,2010,Dec,Dolphins,Fair,32.0,76.0%
614,2010,Dec,Bengals,Fair,71.0,4.0%
615,2010,Dec,Titans,,,nan%
616,2010,Dec,Colts,Fair,71.0,4.0%
617,2010,Dec,Buccaneers,Fair,46.0,87.0%
618,2010,Dec,Giants,Fair,44.0,5.0%
619,2010,Dec,Ravens,Fair,71.0,4.0%
620,2010,Dec,Panthers,Fair,23.0,92.0%
621,2010,Dec,Seahawks,Fair,48.0,3.0%
622,2010,Dec,Steelers,Fair,48.0,3.0%
623,2010,Dec,Raiders,Fair,32.0,6.0%
624,2010,Dec,Patriots,Fair,54.0,5.0%
625,2010,Dec,Steelers,Fair,32.0,64.0%
626,2010,Dec,Cardinals,Fair,25.0,0.0%
627,2010,Dec,Rams,Fair,28.0,100.0%
628,2010,Dec,Browns,Rain - Light,75.0,12.0%
629,2010,Dec,Bears,Rain - Light,75.0,12.0%
630,2010,Dec,Bills,Fair,60.0,0.0%
631,2010,Dec,Chiefs,Fair,60.0,0.0%
632,2010,Dec,Jaguars,Fair,32.0,0.0%
633,2010,Dec,Dolphins,Fair,34.0,5.0%
634,2010,Dec,Raiders,Fair,38.0,93.0%
635,2010,Dec,Bengals,Fair,56.0,0.0%
636,2010,Dec,Broncos,Fair,56.0,0.0%
637,2010,Dec,Packers,Fair,34.0,0.0%
638,2010,Dec,Buccaneers,Fair,48.0,56.0%
639,2010,Dec,Eagles,Fair,49.0,6.0%
640,2010,Jan,Ravens,Rain - Normal,58.0,100.0%
641,2010,Jan,Browns,Rain - Normal,76.0,44.0%
642,2010,Jan,Patriots,Rain - Normal,58.0,100.0%
643,2010,Jan,Chiefs,Rain - Normal,58.0,100.0%
644,2010,Jan,Jets,Fair,18.0,51.0%
645,2010,Jan,Packers,Fair,19.0,100.0%
646,2010,Jan,Broncos,Rain - Normal,57.0,100.0%
647,2010,Jan,Eagles,Rain - Normal,57.0,100.0%
648,2010,Jan,49ers,Rain - Light,40.0,97.0%
649,2010,Jan,Colts,Rain - Normal,57.0,100.0%
650,2010,Jan,Redskins,Snow - Normal,24.0,87.0%
651,2010,Jan,Seahawks,Snow - Normal,17.0,100.0%
652,2010,Jan,Seahawks,Fair,13.0,58.0%
653,2010,Jan,Colts,Rain - Light,52.0,77.0%
654,2010,Jan,Chiefs,Fair,62.0,55.0%
655,2010,Jan,Eagles,Fair,60.0,21.0%
656,2010,Jan,Steelers,Fair,44.0,45.0%
657,2010,Jan,Bears,Rain - Normal,79.0,25.0%
658,2010,Jan,Patriots,Fair,62.0,45.0%
659,2010,Jan,Bears,Rain - Light,79.0,34.0%
660,2010,Jan,Steelers,Fair,49.0,10.0%
661,2010,Feb,Packers,Fair,35.0,64.0%
662,2011,Sep,Packers,Fair,66.0,0.0%
663,2011,Sep,Rams,Fair,83.0,5.0%
664,2011,Sep,Ravens,Rain - Light,88.0,45.0%
665,2011,Sep,Jaguars,Fair,82.0,3.0%
666,2011,Sep,Bears,Fair,77.0,0.0%
667,2011,Sep,Browns,Fair,77.0,0.0%
668,2011,Sep,Chiefs,Rain - Light,88.0,45.0%
669,2011,Sep,Buccaneers,Rain - Light,86.0,15.0%
670,2011,Sep,Cardinals,Fair,85.0,6.0%
671,2011,Sep,Chargers,Fair,85.0,6.0%
672,2011,Sep,49ers,Rain - Light,58.0,43.0%
673,2011,Sep,Redskins,Rain - Light,81.0,13.0%
674,2011,Sep,Jets,Fair,75.0,2.0%
675,2011,Sep,Dolphins,Fair,60.0,19.0%
676,2011,Sep,Broncos,Rain - Light,76.0,25.0%
677,2011,Sep,Titans,,,nan%
678,2011,Sep,Jets,Rain - Light,73.0,62.0%
679,2011,Sep,Steelers,Rain - Light,73.0,62.0%
680,2011,Sep,Panthers,Fair,66.0,33.0%
681,2011,Sep,Colts,Rain - Light,88.0,41.0%
682,2011,Sep,Redskins,Rain - Light,65.0,74.0%
683,2011,Sep,Bills,Rain - Light,88.0,41.0%
684,2011,Sep,49ers,Rain - Light,59.0,44.0%
685,2011,Sep,Patriots,Rain - Normal,85.0,18.0%
686,2011,Sep,Broncos,Rain - Normal,85.0,18.0%
687,2011,Sep,Dolphins,Rain - Light,63.0,54.0%
688,2011,Sep,Giants,Fair,70.0,0.0%
689,2011,Sep,Browns,Fair,72.0,9.0%
690,2011,Sep,Bengals,Fair,81.0,63.0%
691,2011,Sep,Panthers,Fair,70.0,16.0%
692,2011,Sep,Titans,,,nan%
693,2011,Sep,Bills,Fair,81.0,63.0%
694,2011,Sep,Eagles,Fair,81.0,63.0%
695,2011,Sep,Raiders,Rain - Light,60.0,72.0%
696,2011,Sep,Chargers,Fair,69.0,0.0%
697,2011,Sep,Rams,Rain - Light,76.0,28.0%
698,2011,Sep,Seahawks,Fair,69.0,0.0%
699,2011,Sep,Bears,Fair,69.0,11.0%
700,2011,Sep,Buccaneers,Fair,73.0,19.0%
701,2011,Sep,Colts,Rain - Light,73.0,64.0%
702,2011,Oct,Rams,Fair,52.0,71.0%
703,2011,Oct,Chiefs,Fair,72.0,78.0%
704,2011,Oct,Eagles,Fair,72.0,78.0%
705,2011,Oct,Browns,Rain - Normal,70.0,34.0%
706,2011,Oct,Jaguars,Fair,73.0,0.0%
707,2011,Oct,Bengals,Fair,72.0,78.0%
708,2011,Oct,Bears,Rain - Normal,70.0,34.0%
709,2011,Oct,Cardinals,Fair,77.0,0.0%
710,2011,Oct,Seahawks,Fair,77.0,0.0%
711,2011,Oct,Packers,Fair,77.0,0.0%
712,2011,Oct,Raiders,Fair,64.0,77.0%
713,2011,Oct,Chargers,Fair,77.0,0.0%
714,2011,Oct,Ravens,Fair,67.0,100.0%
715,2011,Oct,Buccaneers,Fair,64.0,15.0%
716,2011,Oct,Jaguars,Fair,63.0,100.0%
717,2011,Oct,Steelers,Fair,63.0,100.0%
718,2011,Oct,Colts,Fair,85.0,38.0%
719,2011,Oct,Bills,Fair,85.0,38.0%
720,2011,Oct,Panthers,Fair,81.0,0.0%
721,2011,Oct,Giants,Fair,63.0,100.0%
722,2011,Oct,49ers,Fair,62.0,69.0%
723,2011,Oct,Patriots,Fair,81.0,59.0%
724,2011,Oct,Broncos,Fair,81.0,59.0%
725,2011,Oct,Packers,Fair,70.0,15.0%
726,2011,Oct,Giants,Fair,70.0,15.0%
727,2011,Oct,Bengals,Fair,81.0,4.0%
728,2011,Oct,Steelers,Fair,70.0,15.0%
729,2011,Oct,Redskins,Fair,69.0,3.0%
730,2011,Oct,Raiders,Fair,55.0,11.0%
731,2011,Oct,Ravens,Fair,76.0,4.0%
732,2011,Oct,Patriots,Fair,76.0,4.0%
733,2011,Oct,Buccaneers,Fair,79.0,0.0%
734,2011,Oct,Bears,Fair,64.0,7.0%
735,2011,Oct,Jets,Fair,52.0,32.0%
736,2011,Oct,Dolphins,Fair,64.0,8.0%
737,2011,Oct,Titans,,,nan%
738,2011,Oct,Jets,Fair,73.0,0.0%
739,2011,Oct,Browns,Fair,89.0,0.0%
740,2011,Oct,Buccaneers,Fair,76.0,9.0%
741,2011,Oct,Panthers,Fair,60.0,30.0%
742,2011,Oct,Cardinals,Fair,77.0,2.0%
743,2011,Oct,Raiders,Rain - Normal,57.0,100.0%
744,2011,Oct,Jaguars,Fair,67.0,1.0%
745,2011,Oct,Rams,Fair,51.0,0.0%
746,2011,Oct,Ravens,Rain - Light,78.0,46.0%
747,2011,Oct,Giants,Fair,60.0,6.0%
748,2011,Oct,Titans,,,nan%
749,2011,Oct,Panthers,Fair,49.0,46.0%
750,2011,Oct,Bills,Fair,74.0,13.0%
751,2011,Oct,Broncos,Fair,74.0,13.0%
752,2011,Oct,Steelers,Fair,61.0,7.0%
753,2011,Oct,49ers,Fair,58.0,74.0%
754,2011,Oct,Seahawks,Fair,61.0,7.0%
755,2011,Oct,Eagles,Fair,67.0,20.0%
756,2011,Oct,Chiefs,Fair,66.0,0.0%
757,2011,Nov,Colts,Fair,84.0,49.0%
758,2011,Nov,Chiefs,Fair,84.0,49.0%
759,2011,Nov,Bills,Fair,84.0,49.0%
760,2011,Nov,Redskins,Fair,55.0,42.0%
761,2011,Nov,Raiders,Fair,53.0,0.0%
762,2011,Nov,Titans,,,nan%
763,2011,Nov,Patriots,Fair,79.0,72.0%
764,2011,Nov,Cardinals,Fair,61.0,4.0%
765,2011,Nov,Chargers,Fair,61.0,4.0%
766,2011,Nov,Steelers,Fair,47.0,2.0%
767,2011,Nov,Eagles,Fair,70.0,90.0%
768,2011,Nov,Chargers,Fair,45.0,0.0%
769,2011,Nov,Eagles,Fair,78.0,9.0%
770,2011,Nov,Bengals,Fair,78.0,9.0%
771,2011,Nov,Colts,Fair,78.0,9.0%
772,2011,Nov,Buccaneers,Fair,68.0,25.0%
773,2011,Nov,Chiefs,Fair,78.0,9.0%
774,2011,Nov,Browns,Fair,86.0,46.0%
775,2011,Nov,Dolphins,Fair,58.0,3.0%
776,2011,Nov,Panthers,Fair,57.0,81.0%
777,2011,Nov,Seahawks,Fair,63.0,0.0%
778,2011,Nov,49ers,Fair,57.0,25.0%
779,2011,Nov,Bears,Rain - Light,84.0,41.0%
780,2011,Nov,Jets,Fair,53.0,22.0%
781,2011,Nov,Packers,Fair,49.0,8.0%
782,2011,Nov,Broncos,Fair,69.0,90.0%
783,2011,Nov,Browns,Rain - Light,76.0,31.0%
784,2011,Nov,Packers,Fair,37.0,71.0%
785,2011,Nov,Dolphins,Fair,55.0,11.0%
786,2011,Nov,Ravens,Fair,70.0,8.0%
787,2011,Nov,Redskins,Fair,66.0,26.0%
788,2011,Nov,49ers,Fair,54.0,90.0%
789,2011,Nov,Rams,Rain - Light,61.0,88.0%
790,2011,Nov,Bears,Rain - Light,72.0,33.0%
791,2011,Nov,Giants,Fair,32.0,5.0%
792,2011,Nov,Patriots,Fair,58.0,17.0%
793,2011,Nov,Ravens,Fair,56.0,0.0%
794,2011,Nov,Rams,Fair,65.0,13.0%
795,2011,Nov,Titans,,,nan%
796,2011,Nov,Jets,Fair,41.0,0.0%
797,2011,Nov,Bengals,Fair,78.0,18.0%
798,2011,Nov,Jaguars,Fair,41.0,0.0%
799,2011,Nov,Colts,Fair,78.0,18.0%
800,2011,Nov,Raiders,Fair,47.0,13.0%
801,2011,Nov,Seahawks,Fair,44.0,0.0%
802,2011,Nov,Eagles,Fair,72.0,5.0%
803,2011,Nov,Chargers,Fair,44.0,0.0%
804,2011,Nov,Chiefs,Fair,66.0,8.0%
805,2011,Dec,Seahawks,Fair,38.0,62.0%
806,2011,Dec,Bills,Fair,66.0,0.0%
807,2011,Dec,Steelers,Fair,38.0,5.0%
808,2011,Dec,Buccaneers,Fair,58.0,0.0%
809,2011,Dec,Patriots,Fair,66.0,0.0%
810,2011,Dec,Dolphins,Fair,47.0,91.0%
811,2011,Dec,Redskins,Fair,53.0,7.0%
812,2011,Dec,Bears,Rain - Light,73.0,26.0%
813,2011,Dec,Browns,Rain - Light,72.0,24.0%
814,2011,Dec,49ers,Rain - Light,41.0,57.0%
815,2011,Dec,Giants,Fair,40.0,6.0%
816,2011,Dec,Cardinals,Fair,40.0,6.0%
817,2011,Dec,Jaguars,Fair,26.0,97.0%
818,2011,Dec,Steelers,Fair,31.0,13.0%
819,2011,Dec,Jets,Fair,43.0,43.0%
820,2011,Dec,Bengals,Fair,60.0,3.0%
821,2011,Dec,Ravens,Fair,60.0,3.0%
822,2011,Dec,Redskins,Fair,46.0,0.0%
823,2011,Dec,Dolphins,Fair,47.0,94.0%
824,2011,Dec,Jaguars,Fair,43.0,43.0%
825,2011,Dec,Titans,,,nan%
826,2011,Dec,Panthers,Fair,29.0,0.0%
827,2011,Dec,Broncos,Fair,56.0,6.0%
828,2011,Dec,Cardinals,Fair,43.0,45.0%
829,2011,Dec,Chargers,Fair,43.0,45.0%
830,2011,Dec,Packers,Fair,43.0,45.0%
831,2011,Dec,Seahawks,Fair,42.0,78.0%
832,2011,Dec,Buccaneers,Fair,43.0,22.0%
833,2011,Dec,Rams,Snow - Heavy,39.0,72.0%
834,2011,Dec,Bills,Fair,65.0,3.0%
835,2011,Dec,Giants,Fair,54.0,15.0%
836,2011,Dec,Chiefs,Fair,65.0,3.0%
837,2011,Dec,Colts,Fair,65.0,3.0%
838,2011,Dec,Bears,Fair,85.0,8.0%
839,2011,Dec,Raiders,Fair,40.0,100.0%
840,2011,Dec,Cardinals,Fair,57.0,6.0%
841,2011,Dec,Eagles,Fair,61.0,2.0%
842,2011,Dec,Broncos,Fair,61.0,2.0%
843,2011,Dec,Chargers,Fair,48.0,3.0%
844,2011,Dec,49ers,Fair,44.0,36.0%
845,2011,Dec,Colts,Fair,55.0,67.0%
846,2011,Dec,Steelers,Fair,41.0,0.0%
847,2011,Dec,Patriots,Fair,59.0,0.0%
848,2011,Dec,Bills,Fair,59.0,0.0%
849,2011,Dec,Titans,,,nan%
850,2011,Dec,Bengals,Fair,59.0,0.0%
851,2011,Dec,Jets,Fair,41.0,0.0%
852,2011,Dec,Ravens,Fair,59.0,0.0%
853,2011,Dec,Chiefs,Fair,59.0,0.0%
854,2011,Dec,Panthers,Fair,35.0,5.0%
855,2011,Dec,Redskins,Fair,44.0,0.0%
856,2011,Dec,Seahawks,Fair,44.0,0.0%
857,2011,Dec,Packers,Fair,31.0,1.0%
858,2011,Jan,Rams,Fair,51.0,73.0%
859,2011,Jan,Eagles,Fair,59.0,9.0%
860,2011,Jan,Patriots,Fair,59.0,9.0%
861,2011,Jan,Packers,Fair,28.0,3.0%
862,2011,Jan,Dolphins,Fair,43.0,100.0%
863,2011,Jan,Jaguars,Fair,28.0,3.0%
864,2011,Jan,Raiders,Fair,44.0,81.0%
865,2011,Jan,Cardinals,Fair,29.0,3.0%
866,2011,Jan,Broncos,Fair,54.0,7.0%
867,2011,Jan,Bengals,Fair,54.0,7.0%
868,2011,Jan,Browns,Rain - Light,71.0,29.0%
869,2011,Jan,Giants,Fair,19.0,1.0%
870,2011,Jan,Giants,Fair,36.0,22.0%
871,2011,Jan,Broncos,Fair,57.0,6.0%
872,2011,Jan,49ers,Fair,46.0,7.0%
873,2011,Jan,Patriots,Fair,55.0,26.0%
874,2011,Jan,Ravens,Fair,59.0,77.0%
875,2011,Jan,Packers,Fog/Mist,37.0,100.0%
876,2011,Jan,Patriots,Fair,59.0,5.0%
877,2011,Jan,49ers,Fair,40.0,40.0%
878,2011,Feb,Giants,Rain - Light,37.0,100.0%
879,2012,Sep,Giants,Fair,83.0,33.0%
880,2012,Sep,Bears,Fair,69.0,3.0%
881,2012,Sep,Chiefs,Rain - Light,91.0,24.0%
882,2012,Sep,Jets,Fair,78.0,0.0%
883,2012,Sep,Titans,,,nan%
884,2012,Sep,Browns,Fair,69.0,3.0%
885,2012,Sep,Cardinals,Fair,81.0,0.0%
886,2012,Sep,Packers,Fair,81.0,0.0%
887,2012,Sep,Buccaneers,Fair,86.0,5.0%
888,2012,Sep,Broncos,Rain - Light,80.0,17.0%
889,2012,Sep,Ravens,Fair,79.0,49.0%
890,2012,Sep,Raiders,Rain - Light,50.0,41.0%
891,2012,Sep,Packers,Rain - Heavy,54.0,67.0%
892,2012,Sep,Dolphins,Fair,62.0,63.0%
893,2012,Sep,Bengals,Fair,92.0,18.0%
894,2012,Sep,Bills,Fair,92.0,18.0%
895,2012,Sep,Patriots,Fair,92.0,18.0%
896,2012,Sep,Colts,Fair,92.0,18.0%
897,2012,Sep,Eagles,Fair,92.0,18.0%
898,2012,Sep,Jaguars,Fair,74.0,66.0%
899,2012,Sep,Giants,Fair,74.0,66.0%
900,2012,Sep,Panthers,Fair,73.0,18.0%
901,2012,Sep,Rams,Fair,76.0,7.0%
902,2012,Sep,Seahawks,Fair,75.0,40.0%
903,2012,Sep,Steelers,Fair,75.0,40.0%
904,2012,Sep,Chargers,Fair,75.0,40.0%
905,2012,Sep,49ers,Fair,53.0,12.0%
906,2012,Sep,Panthers,Rain - Light,59.0,44.0%
907,2012,Sep,Browns,Fair,75.0,0.0%
908,2012,Sep,Titans,,,nan%
909,2012,Sep,Dolphins,Rain - Heavy,50.0,97.0%
910,2012,Sep,Redskins,Fair,71.0,0.0%
911,2012,Sep,Colts,Rain - Normal,86.0,35.0%
912,2012,Sep,Bears,Fair,75.0,0.0%
913,2012,Sep,Chargers,Fair,74.0,13.0%
914,2012,Sep,Cardinals,Fair,74.0,13.0%
915,2012,Sep,Broncos,Rain - Normal,78.0,61.0%
916,2012,Sep,Raiders,Rain - Light,55.0,48.0%
917,2012,Sep,Ravens,Rain - Normal,75.0,74.0%
918,2012,Sep,Seahawks,Fair,76.0,19.0%
919,2012,Sep,Ravens,Fair,73.0,24.0%
920,2012,Sep,Rams,Fair,71.0,17.0%
921,2012,Sep,Bills,Fair,83.0,4.0%
922,2012,Sep,Chiefs,Fair,83.0,4.0%
923,2012,Sep,Jets,Fair,74.0,16.0%
924,2012,Sep,Cardinals,Fair,76.0,9.0%
925,2012,Sep,Broncos,Fair,77.0,31.0%
926,2012,Sep,Jaguars,Fair,76.0,9.0%
927,2012,Sep,Packers,Fair,76.0,9.0%
928,2012,Sep,Buccaneers,Rain - Light,79.0,48.0%
929,2012,Sep,Eagles,Fair,68.0,14.0%
930,2012,Oct,Rams,Fair,70.0,2.0%
931,2012,Oct,Giants,Fair,52.0,24.0%
932,2012,Oct,Chiefs,Fair,83.0,25.0%
933,2012,Oct,Steelers,Fair,52.0,24.0%
934,2012,Oct,Colts,Fair,83.0,25.0%
935,2012,Oct,Bengals,Fair,83.0,25.0%
936,2012,Oct,Redskins,Rain - Light,53.0,100.0%
937,2012,Oct,Panthers,Rain - Light,49.0,73.0%
938,2012,Oct,Jaguars,Fair,54.0,31.0%
939,2012,Oct,49ers,Fair,53.0,26.0%
940,2012,Oct,Patriots,Fair,78.0,32.0%
941,2012,Oct,Jets,Fair,54.0,0.0%
942,2012,Oct,Titans,,,nan%
943,2012,Oct,Dolphins,Fair,53.0,4.0%
944,2012,Oct,Buccaneers,Rain - Light,69.0,56.0%
945,2012,Oct,Jets,Fair,70.0,4.0%
946,2012,Oct,Ravens,Fair,86.0,8.0%
947,2012,Oct,Browns,Fair,71.0,4.0%
948,2012,Oct,Eagles,Fair,86.0,8.0%
949,2012,Oct,Seahawks,Fair,73.0,6.0%
950,2012,Oct,Cardinals,Fair,73.0,6.0%
951,2012,Oct,49ers,Rain - Light,51.0,83.0%
952,2012,Oct,Redskins,Fair,69.0,8.0%
953,2012,Oct,Chargers,Fair,68.0,2.0%
954,2012,Oct,49ers,Rain - Light,52.0,61.0%
955,2012,Oct,Rams,Fair,65.0,3.0%
956,2012,Oct,Buccaneers,Fair,78.0,0.0%
957,2012,Oct,Colts,Fair,82.0,10.0%
958,2012,Oct,Bills,Fair,82.0,10.0%
959,2012,Oct,Panthers,Fair,58.0,35.0%
960,2012,Oct,Giants,Fair,78.0,8.0%
961,2012,Oct,Raiders,Fair,55.0,17.0%
962,2012,Oct,Patriots,Fair,80.0,0.0%
963,2012,Oct,Bengals,Fair,70.0,6.0%
964,2012,Oct,Bears,Fair,66.0,4.0%
965,2012,Oct,Steelers,Fair,51.0,9.0%
966,2012,Oct,Bears,Rain - Light,77.0,23.0%
967,2012,Oct,Eagles,Fair,83.0,45.0%
968,2012,Oct,Packers,Fair,51.0,9.0%
969,2012,Oct,Titans,,,nan%
970,2012,Oct,Jets,Fair,51.0,9.0%
971,2012,Oct,Rams,Fair,58.0,90.0%
972,2012,Oct,Browns,Rain - Light,77.0,23.0%
973,2012,Oct,Chiefs,Fair,77.0,64.0%
974,2012,Oct,Broncos,Fair,72.0,45.0%
975,2012,Oct,Cardinals,Fair,51.0,8.0%
976,2012,Nov,Chargers,Fair,58.0,13.0%
977,2012,Nov,Colts,Fair,83.0,7.0%
978,2012,Nov,Bengals,Fair,83.0,7.0%
979,2012,Nov,Packers,Fair,61.0,4.0%
980,2012,Nov,Browns,Fair,78.0,5.0%
981,2012,Nov,Titans,,,nan%
982,2012,Nov,Jaguars,Fair,61.0,4.0%
983,2012,Nov,Redskins,Fair,47.0,24.0%
984,2012,Nov,Raiders,Rain - Light,47.0,56.0%
985,2012,Nov,Seahawks,Fair,65.0,25.0%
986,2012,Nov,Giants,Fair,65.0,25.0%
987,2012,Nov,Jaguars,Fair,62.0,24.0%
988,2012,Nov,Patriots,Rain - Light,65.0,85.0%
989,2012,Nov,Panthers,Fair,64.0,33.0%
990,2012,Nov,Ravens,Rain - Light,65.0,85.0%
991,2012,Nov,Bengals,Rain - Light,65.0,85.0%
992,2012,Nov,Dolphins,Fair,48.0,5.0%
993,2012,Nov,Buccaneers,Fair,62.0,48.0%
994,2012,Nov,Seahawks,Fair,40.0,6.0%
995,2012,Nov,Eagles,Fair,68.0,73.0%
996,2012,Nov,49ers,Fair,48.0,54.0%
997,2012,Nov,Bears,Fair,66.0,10.0%
998,2012,Nov,Steelers,Fair,37.0,0.0%
999,2012,Nov,Bills,Fair,66.0,19.0%
1000,2012,Nov,Rams,Fair,51.0,58.0%
1001,2012,Nov,Chiefs,Fair,71.0,45.0%
1002,2012,Nov,Redskins,Fair,52.0,72.0%
1003,2012,Nov,Panthers,Fair,49.0,33.0%
1004,2012,Nov,Raiders,Fair,47.0,90.0%
1005,2012,Nov,Patriots,Fair,65.0,26.0%
1006,2012,Nov,Broncos,Fair,65.0,26.0%
1007,2012,Nov,Steelers,Fair,55.0,35.0%
1008,2012,Nov,49ers,Fair,51.0,26.0%
1009,2012,Nov,Jets,Fair,56.0,5.0%
1010,2012,Nov,Bears,Fair,75.0,0.0%
1011,2012,Nov,Browns,Fair,75.0,0.0%
1012,2012,Nov,Bengals,Fair,75.0,47.0%
1013,2012,Nov,Buccaneers,Fair,56.0,0.0%
1014,2012,Nov,Colts,Fair,75.0,47.0%
1015,2012,Nov,Jaguars,Fair,54.0,0.0%
1016,2012,Nov,Dolphins,Fair,49.0,17.0%
1017,2012,Nov,Chiefs,Fair,75.0,47.0%
1018,2012,Nov,Chargers,Fair,58.0,0.0%
1019,2012,Nov,Cardinals,Fair,58.0,0.0%
1020,2012,Nov,Giants,Fair,45.0,0.0%
1021,2012,Nov,Eagles,Rain - Heavy,58.0,89.0%
1022,2012,Dec,Rams,Fair,55.0,49.0%
1023,2012,Dec,Bills,Fair,73.0,58.0%
1024,2012,Dec,Packers,Fair,64.0,16.0%
1025,2012,Dec,Titans,,,nan%
1026,2012,Dec,Dolphins,Fair,38.0,8.0%
1027,2012,Dec,Bears,Rain - Normal,61.0,92.0%
1028,2012,Dec,Chiefs,Fair,73.0,58.0%
1029,2012,Dec,Jets,Fair,64.0,16.0%
1030,2012,Dec,Broncos,Fair,67.0,67.0%
1031,2012,Dec,Ravens,Fair,67.0,67.0%
1032,2012,Dec,Raiders,Rain - Light,41.0,100.0%
1033,2012,Dec,Chargers,Fair,66.0,15.0%
1034,2012,Dec,Redskins,Fair,58.0,50.0%
1035,2012,Dec,Raiders,Fair,40.0,50.0%
1036,2012,Dec,Browns,Fair,82.0,9.0%
1037,2012,Dec,Bills,Fair,66.0,36.0%
1038,2012,Dec,Jaguars,Fair,42.0,13.0%
1039,2012,Dec,Colts,Fair,66.0,36.0%
1040,2012,Dec,Steelers,Fair,42.0,13.0%
1041,2012,Dec,Buccaneers,Fair,47.0,13.0%
1042,2012,Dec,Bengals,Fair,66.0,36.0%
1043,2012,Dec,Redskins,Rain - Normal,49.0,96.0%
1044,2012,Dec,Panthers,Snow - Normal,36.0,100.0%
1045,2012,Dec,49ers,Fair,45.0,4.0%
1046,2012,Dec,Seahawks,Fair,36.0,65.0%
1047,2012,Dec,Giants,Fair,36.0,65.0%
1048,2012,Dec,Packers,Fair,28.0,43.0%
1049,2012,Dec,Patriots,Fair,55.0,46.0%
1050,2012,Dec,Eagles,Fair,61.0,12.0%
1051,2012,Dec,Rams,Fair,49.0,46.0%
1052,2012,Dec,Ravens,Rain - Light,74.0,77.0%
1053,2012,Dec,Bears,Rain - Light,79.0,14.0%
1054,2012,Dec,Dolphins,Fair,47.0,8.0%
1055,2012,Dec,Browns,Rain - Light,79.0,14.0%
1056,2012,Dec,Cardinals,Fair,48.0,6.0%
1057,2012,Dec,Chargers,Fair,48.0,6.0%
1058,2012,Dec,Bills,Fair,70.0,67.0%
1059,2012,Dec,Raiders,Fair,47.0,68.0%
1060,2012,Dec,Patriots,Fog/Mist,65.0,100.0%
1061,2012,Dec,Titans,,,nan%
1062,2012,Dec,Dolphins,Fair,52.0,44.0%
1063,2012,Dec,Jaguars,Fair,34.0,28.0%
1064,2012,Dec,Steelers,Fair,34.0,28.0%
1065,2012,Dec,Packers,Fair,34.0,28.0%
1066,2012,Dec,Chiefs,Fair,58.0,46.0%
1067,2012,Dec,Buccaneers,Fair,44.0,66.0%
1068,2012,Dec,Eagles,Fair,58.0,46.0%
1069,2012,Dec,Jets,Fair,34.0,28.0%
1070,2012,Dec,Panthers,Fair,32.0,54.0%
1071,2012,Dec,Broncos,Fair,55.0,27.0%
1072,2012,Dec,Cardinals,Fair,37.0,89.0%
1073,2012,Dec,Ravens,Fair,55.0,27.0%
1074,2012,Dec,Seahawks,Fair,28.0,39.0%
1075,2012,Dec,Steelers,Fair,44.0,13.0%
1076,2012,Dec,Bills,Fair,54.0,6.0%
1077,2012,Dec,Titans,,,nan%
1078,2012,Dec,Colts,Fair,54.0,6.0%
1079,2012,Dec,Bengals,Fair,54.0,6.0%
1080,2012,Dec,Giants,Fair,44.0,13.0%
1081,2012,Dec,Chargers,Fair,45.0,78.0%
1082,2012,Dec,Broncos,Fair,51.0,2.0%
1083,2012,Dec,Patriots,Fair,51.0,2.0%
1084,2012,Dec,49ers,Fair,46.0,55.0%
1085,2012,Dec,Seahawks,Fair,45.0,78.0%
1086,2012,Dec,Redskins,Fair,27.0,3.0%
1087,2012,Jan,Packers,Fair,50.0,0.0%
1088,2012,Jan,Ravens,Rain - Normal,51.0,100.0%
1089,2012,Jan,Redskins,Fair,52.0,5.0%
1090,2012,Jan,Broncos,Fair,55.0,73.0%
1091,2012,Jan,49ers,Fair,41.0,6.0%
1092,2012,Jan,Patriots,Rain - Light,57.0,76.0%
1093,2012,Jan,Patriots,Fair,58.0,57.0%
1094,2012,Feb,Ravens,Fair,50.0,22.0%
1095,2013,Sep,Broncos,Fair,74.0,31.0%
1096,2013,Sep,Steelers,Fair,96.0,8.0%
1097,2013,Sep,Browns,Fair,79.0,0.0%
1098,2013,Sep,Bills,Fair,89.0,30.0%
1099,2013,Sep,Bears,Fair,79.0,0.0%
1100,2013,Sep,Colts,Fair,89.0,30.0%
1101,2013,Sep,Jaguars,Fair,96.0,8.0%
1102,2013,Sep,Jets,Fair,96.0,8.0%
1103,2013,Sep,Panthers,Rain - Light,68.0,57.0%
1104,2013,Sep,Rams,Rain - Light,82.0,32.0%
1105,2013,Sep,49ers,Rain - Light,59.0,41.0%
1106,2013,Sep,Redskins,Fair,69.0,28.0%
1107,2013,Sep,Chargers,Fair,79.0,5.0%
1108,2013,Sep,Patriots,Fair,77.0,43.0%
1109,2013,Sep,Eagles,Rain - Light,88.0,31.0%
1110,2013,Sep,Colts,Rain - Light,88.0,31.0%
1111,2013,Sep,Packers,Fair,89.0,13.0%
1112,2013,Sep,Chiefs,Rain - Light,88.0,31.0%
1113,2013,Sep,Ravens,Rain - Light,88.0,31.0%
1114,2013,Sep,Bills,Rain - Light,88.0,31.0%
1115,2013,Sep,Bears,Fair,83.0,0.0%
1116,2013,Sep,Buccaneers,Fair,84.0,29.0%
1117,2013,Sep,Cardinals,Rain - Normal,91.0,24.0%
1118,2013,Sep,Raiders,Fair,57.0,37.0%
1119,2013,Sep,Giants,Rain - Normal,91.0,24.0%
1120,2013,Sep,Seahawks,Rain - Normal,75.0,55.0%
1121,2013,Sep,Bengals,Fair,73.0,4.0%
1122,2013,Sep,Eagles,Fair,77.0,24.0%
1123,2013,Sep,Patriots,Rain - Heavy,78.0,100.0%
1124,2013,Sep,Panthers,Fair,61.0,0.0%
1125,2013,Sep,Ravens,Rain - Heavy,78.0,100.0%
1126,2013,Sep,Titans,,,nan%
1127,2013,Sep,Bengals,Rain - Heavy,78.0,100.0%
1128,2013,Sep,Redskins,Fair,69.0,36.0%
1129,2013,Sep,Dolphins,Fair,71.0,40.0%
1130,2013,Sep,Jets,Fair,76.0,3.0%
1131,2013,Sep,49ers,Fair,65.0,2.0%
1132,2013,Sep,Seahawks,Fair,76.0,3.0%
1133,2013,Sep,Steelers,Fair,66.0,0.0%
1134,2013,Sep,Broncos,Fair,78.0,32.0%
1135,2013,Sep,Rams,Fair,61.0,4.0%
1136,2013,Sep,Bills,Fair,84.0,75.0%
1137,2013,Sep,Chiefs,Fair,84.0,75.0%
1138,2013,Sep,Buccaneers,Fair,75.0,15.0%
1139,2013,Sep,Jaguars,Fair,72.0,0.0%
1140,2013,Sep,Browns,Fair,75.0,5.0%
1141,2013,Sep,Titans,,,nan%
1142,2013,Sep,Raiders,Fair,60.0,31.0%
1143,2013,Sep,Chargers,Fair,74.0,0.0%
1144,2013,Sep,Broncos,Fair,82.0,47.0%
1145,2013,Oct,Browns,Fair,65.0,0.0%
1146,2013,Oct,Rams,Fair,85.0,8.0%
1147,2013,Oct,Bengals,Fair,90.0,16.0%
1148,2013,Oct,Giants,Fair,62.0,8.0%
1149,2013,Oct,Dolphins,Fair,66.0,19.0%
1150,2013,Oct,Packers,Fair,62.0,8.0%
1151,2013,Oct,Bears,Fair,87.0,0.0%
1152,2013,Oct,Colts,Fair,90.0,16.0%
1153,2013,Oct,Titans,,,nan%
1154,2013,Oct,Cardinals,Fair,67.0,7.0%
1155,2013,Oct,49ers,Fair,59.0,70.0%
1156,2013,Oct,Raiders,Fair,59.0,77.0%
1157,2013,Oct,Bears,Fair,70.0,1.0%
1158,2013,Oct,Ravens,Fair,81.0,10.0%
1159,2013,Oct,Bills,Fair,81.0,10.0%
1160,2013,Oct,Chiefs,Fair,81.0,10.0%
1161,2013,Oct,Browns,Fair,78.0,0.0%
1162,2013,Oct,Jets,Fair,68.0,4.0%
1163,2013,Oct,Buccaneers,Fair,79.0,0.0%
1164,2013,Oct,Broncos,Fair,77.0,5.0%
1165,2013,Oct,Seahawks,Fair,71.0,12.0%
1166,2013,Oct,Patriots,Fair,77.0,5.0%
1167,2013,Oct,49ers,Fair,53.0,69.0%
1168,2013,Oct,Chargers,Fair,62.0,87.0%
1169,2013,Oct,Cardinals,Fair,52.0,3.0%
1170,2013,Oct,Eagles,Fair,81.0,65.0%
1171,2013,Oct,Jaguars,Fair,64.0,13.0%
1172,2013,Oct,Dolphins,Fair,63.0,41.0%
1173,2013,Oct,Panthers,Fair,54.0,30.0%
1174,2013,Oct,Jets,Fair,64.0,13.0%
1175,2013,Oct,Redskins,Fair,62.0,0.0%
1176,2013,Oct,Titans,,,nan%
1177,2013,Oct,Steelers,Fair,68.0,32.0%
1178,2013,Oct,Packers,Fair,68.0,32.0%
1179,2013,Oct,Chiefs,Fair,77.0,49.0%
1180,2013,Oct,Colts,Fair,71.0,41.0%
1181,2013,Oct,Giants,Fair,49.0,9.0%
1182,2013,Oct,Buccaneers,Rain - Light,62.0,93.0%
1183,2013,Oct,Patriots,Fair,76.0,3.0%
1184,2013,Oct,Chiefs,Fair,76.0,3.0%
1185,2013,Oct,Eagles,Fair,76.0,3.0%
1186,2013,Oct,Jaguars,Fair,62.0,0.0%
1187,2013,Oct,Raiders,Fair,55.0,16.0%
1188,2013,Oct,Bengals,Fair,69.0,18.0%
1189,2013,Oct,Cardinals,Fair,65.0,0.0%
1190,2013,Oct,Broncos,Fair,69.0,18.0%
1191,2013,Oct,Rams,Fair,49.0,55.0%
1192,2013,Oct,Dolphins,Fair,51.0,82.0%
1193,2013,Nov,Rams,Fair,51.0,10.0%
1194,2013,Nov,Bills,Rain - Light,81.0,72.0%
1195,2013,Nov,Panthers,Fair,44.0,56.0%
1196,2013,Nov,Redskins,Fair,50.0,11.0%
1197,2013,Nov,Jets,Fair,57.0,74.0%
1198,2013,Nov,Raiders,Fair,49.0,9.0%
1199,2013,Nov,Seahawks,Fair,60.0,6.0%
1200,2013,Nov,Patriots,Rain - Normal,73.0,79.0%
1201,2013,Nov,Browns,Fair,71.0,27.0%
1202,2013,Nov,Packers,Fair,53.0,57.0%
1203,2013,Nov,Packers,Fair,59.0,50.0%
1204,2013,Nov,Titans,,,nan%
1205,2013,Nov,Steelers,Fair,59.0,50.0%
1206,2013,Nov,Ravens,Rain - Light,80.0,57.0%
1207,2013,Nov,Bears,Rain - Light,82.0,10.0%
1208,2013,Nov,Colts,Rain - Light,80.0,57.0%
1209,2013,Nov,Giants,Fair,59.0,50.0%
1210,2013,Nov,49ers,Fair,47.0,39.0%
1211,2013,Nov,Chargers,Fair,59.0,84.0%
1212,2013,Nov,Cardinals,Fair,59.0,84.0%
1213,2013,Nov,Buccaneers,Rain - Light,48.0,3.0%
1214,2013,Nov,Titans,,,nan%
1215,2013,Nov,Steelers,Fair,65.0,0.0%
1216,2013,Nov,Bears,Fair,83.0,6.0%
1217,2013,Nov,Bills,Fair,77.0,0.0%
1218,2013,Nov,Bengals,Fair,77.0,0.0%
1219,2013,Nov,Eagles,Fair,77.0,0.0%
1220,2013,Nov,Buccaneers,Fair,65.0,0.0%
1221,2013,Nov,Jaguars,Fair,65.0,0.0%
1222,2013,Nov,Dolphins,Fair,47.0,100.0%
1223,2013,Nov,Giants,Fair,63.0,0.0%
1224,2013,Nov,Seahawks,Fair,63.0,0.0%
1225,2013,Nov,Broncos,Fair,62.0,0.0%
1226,2013,Nov,Panthers,Fair,34.0,19.0%
1227,2013,Nov,Rams,Fair,31.0,45.0%
1228,2013,Nov,Ravens,Rain - Light,73.0,85.0%
1229,2013,Nov,Packers,Fair,28.0,49.0%
1230,2013,Nov,Dolphins,Fair,44.0,72.0%
1231,2013,Nov,Chiefs,Rain - Light,73.0,85.0%
1232,2013,Nov,Browns,Fair,81.0,11.0%
1233,2013,Nov,Raiders,Fair,45.0,24.0%
1234,2013,Nov,Cardinals,Fair,28.0,54.0%
1235,2013,Nov,Giants,Fair,28.0,54.0%
1236,2013,Nov,Patriots,Rain - Heavy,65.0,29.0%
1237,2013,Nov,Redskins,Fair,30.0,11.0%
1238,2013,Nov,Ravens,Fair,55.0,0.0%
1239,2013,Dec,Browns,Fair,78.0,15.0%
1240,2013,Dec,Eagles,Fair,72.0,0.0%
1241,2013,Dec,Jets,Fair,54.0,0.0%
1242,2013,Dec,Colts,Fair,72.0,0.0%
1243,2013,Dec,Panthers,Rain - Light,40.0,79.0%
1244,2013,Dec,Bills,Fair,63.0,0.0%
1245,2013,Dec,49ers,Fair,48.0,42.0%
1246,2013,Dec,Chargers,Fair,57.0,0.0%
1247,2013,Dec,Chiefs,Fair,63.0,0.0%
1248,2013,Dec,Redskins,Fair,34.0,35.0%
1249,2013,Dec,Seahawks,Fair,47.0,7.0%
1250,2013,Dec,Jaguars,Fair,21.0,67.0%
1251,2013,Dec,Eagles,Rain - Light,68.0,56.0%
1252,2013,Dec,Patriots,Rain - Light,68.0,56.0%
1253,2013,Dec,Bengals,Rain - Light,68.0,56.0%
1254,2013,Dec,Steelers,Fair,26.0,72.0%
1255,2013,Dec,Packers,Fair,26.0,72.0%
1256,2013,Dec,Buccaneers,Fair,51.0,11.0%
1257,2013,Dec,Jets,Fair,26.0,72.0%
1258,2013,Dec,Ravens,Rain - Light,68.0,56.0%
1259,2013,Dec,Redskins,Snow - Normal,28.0,100.0%
1260,2013,Dec,Broncos,Fair,66.0,31.0%
1261,2013,Dec,Cardinals,Fair,28.0,43.0%
1262,2013,Dec,Chargers,Fair,28.0,43.0%
1263,2013,Dec,49ers,Fair,50.0,36.0%
1264,2013,Dec,Bears,Rain - Light,62.0,92.0%
1265,2013,Dec,Broncos,Fair,58.0,73.0%
1266,2013,Dec,Jaguars,Fair,50.0,7.0%
1267,2013,Dec,Colts,Rain - Heavy,58.0,81.0%
1268,2013,Dec,Dolphins,Fair,53.0,85.0%
1269,2013,Dec,Buccaneers,Fair,50.0,8.0%
1270,2013,Dec,Giants,Fair,50.0,7.0%
1271,2013,Dec,Browns,Fair,84.0,6.0%
1272,2013,Dec,Panthers,Snow - Heavy,20.0,77.0%
1273,2013,Dec,Raiders,Fair,53.0,72.0%
1274,2013,Dec,Rams,Fair,38.0,4.0%
1275,2013,Dec,Titans,,,nan%
1276,2013,Dec,Steelers,Fair,41.0,2.0%
1277,2013,Dec,Rams,Fair,70.0,58.0%
1278,2013,Dec,Jaguars,Fair,23.0,26.0%
1279,2013,Dec,Bills,Fair,60.0,0.0%
1280,2013,Dec,Jets,Fair,23.0,26.0%
1281,2013,Dec,Chiefs,Fair,60.0,0.0%
1282,2013,Dec,Bengals,Fair,60.0,0.0%
1283,2013,Dec,Redskins,Fair,70.0,52.0%
1284,2013,Dec,Panthers,Fair,35.0,76.0%
1285,2013,Dec,Seahawks,Fair,24.0,7.0%
1286,2013,Dec,Packers,Fair,24.0,7.0%
1287,2013,Dec,Ravens,Fair,57.0,0.0%
1288,2013,Dec,Chargers,Fair,24.0,7.0%
1289,2013,Dec,Eagles,Fair,51.0,3.0%
1290,2013,Dec,49ers,Fair,48.0,65.0%
1291,2013,Dec,Steelers,Fair,19.0,68.0%
1292,2013,Dec,Titans,,,nan%
1293,2013,Dec,Dolphins,Fair,43.0,1.0%
1294,2013,Dec,Colts,Fair,60.0,1.0%
1295,2013,Dec,Bengals,Fair,60.0,1.0%
1296,2013,Dec,Giants,Fair,19.0,68.0%
1297,2013,Dec,Bears,Rain - Normal,61.0,65.0%
1298,2013,Dec,Cardinals,Fair,21.0,82.0%
1299,2013,Dec,Raiders,Fair,46.0,45.0%
1300,2013,Dec,Patriots,Fair,55.0,0.0%
1301,2013,Dec,Chargers,Fair,21.0,82.0%
1302,2013,Dec,Seahawks,Fair,21.0,82.0%
1303,2013,Jan,Colts,Fair,55.0,82.0%
1304,2013,Jan,Eagles,Fair,52.0,84.0%
1305,2013,Jan,Bengals,Fair,63.0,29.0%
1306,2013,Jan,Packers,Fair,43.0,0.0%
1307,2013,Jan,Seahawks,Fair,62.0,11.0%
1308,2013,Jan,Patriots,Fair,54.0,15.0%
1309,2013,Jan,Panthers,Fair,56.0,38.0%
1310,2013,Jan,Broncos,Fair,62.0,100.0%
1311,2013,Jan,Broncos,Fair,63.0,1.0%
1312,2013,Jan,Seahawks,Fair,51.0,0.0%
1313,2013,Feb,Seahawks,Fair,45.0,0.0%
1314,2014,Sep,Seahawks,Fair,86.0,6.0%
1315,2014,Sep,Rams,Fair,79.0,8.0%
1316,2014,Sep,Bears,Fair,82.0,0.0%
1317,2014,Sep,Ravens,Fair,93.0,11.0%
1318,2014,Sep,Eagles,Fair,93.0,11.0%
1319,2014,Sep,Steelers,Fair,77.0,2.0%
1320,2014,Sep,Jets,Fair,77.0,2.0%
1321,2014,Sep,Chiefs,Fair,93.0,11.0%
1322,2014,Sep,Dolphins,Fair,66.0,70.0%
1323,2014,Sep,Buccaneers,Fair,73.0,45.0%
1324,2014,Sep,Broncos,Fair,80.0,11.0%
1325,2014,Sep,Cardinals,Fair,78.0,5.0%
1326,2014,Sep,Ravens,Fair,80.0,20.0%
1327,2014,Sep,Bills,Rain - Light,92.0,34.0%
1328,2014,Sep,Titans,,,nan%
1329,2014,Sep,Browns,Fair,86.0,0.0%
1330,2014,Sep,Giants,Fair,73.0,21.0%
1331,2014,Sep,Panthers,Fair,57.0,66.0%
1332,2014,Sep,Bengals,Rain - Light,92.0,34.0%
1333,2014,Sep,Redskins,Fair,71.0,21.0%
1334,2014,Sep,Chargers,Fair,79.0,5.0%
1335,2014,Sep,Buccaneers,Fair,82.0,3.0%
1336,2014,Sep,Packers,Fair,79.0,5.0%
1337,2014,Sep,Broncos,Fair,89.0,11.0%
1338,2014,Sep,Raiders,Fair,60.0,24.0%
1339,2014,Sep,49ers,Fair,57.0,23.0%
1340,2014,Sep,Colts,Fair,81.0,42.0%
1341,2014,Sep,Rams,Fair,83.0,0.0%
1342,2014,Sep,Browns,Fair,74.0,3.0%
1343,2014,Sep,Giants,Fair,77.0,5.0%
1344,2014,Sep,Jaguars,Fair,77.0,5.0%
1345,2014,Sep,Bills,Fair,86.0,48.0%
1346,2014,Sep,Bengals,Fair,86.0,48.0%
1347,2014,Sep,Patriots,Fair,86.0,48.0%
1348,2014,Sep,Eagles,Fair,86.0,48.0%
1349,2014,Sep,Cardinals,Fair,80.0,6.0%
1350,2014,Sep,Dolphins,Fair,64.0,20.0%
1351,2014,Sep,Seahawks,Fair,80.0,6.0%
1352,2014,Sep,Panthers,Rain - Light,52.0,80.0%
1353,2014,Sep,Jets,Fair,67.0,16.0%
1354,2014,Sep,Redskins,Rain - Light,61.0,74.0%
1355,2014,Sep,Bears,Fair,80.0,17.0%
1356,2014,Sep,Jets,Fair,81.0,24.0%
1357,2014,Sep,Ravens,Fair,91.0,19.0%
1358,2014,Sep,Colts,Fair,91.0,19.0%
1359,2014,Sep,Steelers,Fair,81.0,24.0%
1360,2014,Sep,Raiders,Fair,64.0,35.0%
1361,2014,Sep,Chargers,Fair,82.0,20.0%
1362,2014,Sep,49ers,Fair,64.0,43.0%
1363,2014,Sep,Chiefs,Fair,79.0,14.0%
1364,2014,Oct,Packers,Rain - Normal,58.0,9.0%
1365,2014,Oct,Titans,,,nan%
1366,2014,Oct,Jaguars,Fair,77.0,7.0%
1367,2014,Oct,Eagles,Fair,84.0,0.0%
1368,2014,Oct,Giants,Fair,77.0,7.0%
1369,2014,Oct,Panthers,Fair,52.0,50.0%
1370,2014,Oct,Colts,Fair,84.0,0.0%
1371,2014,Oct,Broncos,Fair,80.0,0.0%
1372,2014,Oct,49ers,Rain - Light,56.0,100.0%
1373,2014,Oct,Chargers,Fair,75.0,7.0%
1374,2014,Oct,Patriots,Fair,70.0,0.0%
1375,2014,Oct,Redskins,Fair,61.0,54.0%
1376,2014,Oct,Jets,Fair,62.0,21.0%
1377,2014,Oct,Browns,Fair,83.0,7.0%
1378,2014,Oct,Bills,Fair,93.0,2.0%
1379,2014,Oct,Titans,,,nan%
1380,2014,Oct,Dolphins,Fair,58.0,72.0%
1381,2014,Oct,Buccaneers,Fair,66.0,32.0%
1382,2014,Oct,Bengals,Fair,93.0,2.0%
1383,2014,Oct,Raiders,Fair,55.0,5.0%
1384,2014,Oct,Cardinals,Fair,66.0,63.0%
1385,2014,Oct,Seahawks,Fair,66.0,63.0%
1386,2014,Oct,Eagles,Fair,75.0,4.0%
1387,2014,Oct,Rams,Fair,66.0,50.0%
1388,2014,Oct,Patriots,Fair,65.0,0.0%
1389,2014,Oct,Rams,Fair,55.0,3.0%
1390,2014,Oct,Bears,Fair,78.0,2.0%
1391,2014,Oct,Colts,Fair,86.0,0.0%
1392,2014,Oct,Jaguars,Fair,67.0,21.0%
1393,2014,Oct,Bills,Fair,86.0,0.0%
1394,2014,Oct,Redskins,Fair,55.0,3.0%
1395,2014,Oct,Ravens,Fair,86.0,0.0%
1396,2014,Oct,Packers,Fair,67.0,21.0%
1397,2014,Oct,Chargers,Fair,71.0,19.0%
1398,2014,Oct,Raiders,Rain - Light,59.0,82.0%
1399,2014,Oct,Broncos,Fair,72.0,2.0%
1400,2014,Oct,Steelers,Fair,61.0,0.0%
1401,2014,Oct,Broncos,Fair,67.0,26.0%
1402,2014,Oct,Bengals,Fair,81.0,45.0%
1403,2014,Oct,Jets,Fair,79.0,2.0%
1404,2014,Oct,Jaguars,Fair,79.0,2.0%
1405,2014,Oct,Patriots,Fair,81.0,45.0%
1406,2014,Oct,Buccaneers,Rain - Light,73.0,26.0%
1407,2014,Oct,Titans,,,nan%
1408,2014,Oct,Chiefs,Fair,81.0,45.0%
1409,2014,Oct,Panthers,Fair,56.0,8.0%
1410,2014,Oct,Cardinals,Fair,83.0,0.0%
1411,2014,Oct,Browns,Fair,65.0,31.0%
1412,2014,Oct,Steelers,Fair,83.0,0.0%
1413,2014,Oct,Panthers,Rain - Light,45.0,82.0%
1414,2014,Nov,Browns,Fair,74.0,45.0%
1415,2014,Nov,Bengals,Rain - Light,76.0,100.0%
1416,2014,Nov,Dolphins,Fair,60.0,92.0%
1417,2014,Nov,Chiefs,Rain - Light,76.0,100.0%
1418,2014,Nov,49ers,Fair,52.0,11.0%
1419,2014,Nov,Patriots,Rain - Light,74.0,81.0%
1420,2014,Nov,Seahawks,Fair,60.0,7.0%
1421,2014,Nov,Steelers,Fair,54.0,5.0%
1422,2014,Nov,Giants,Rain - Normal,59.0,83.0%
1423,2014,Nov,Bengals,Rain - Light,68.0,53.0%
1424,2014,Nov,Bills,Fair,76.0,56.0%
1425,2014,Nov,Jets,Fair,60.0,4.0%
1426,2014,Nov,Ravens,Fair,76.0,56.0%
1427,2014,Nov,Buccaneers,Fair,65.0,85.0%
1428,2014,Nov,Jaguars,Fair,60.0,4.0%
1429,2014,Nov,Raiders,Rain - Light,51.0,61.0%
1430,2014,Nov,Cardinals,Fair,65.0,2.0%
1431,2014,Nov,Seahawks,Fair,65.0,2.0%
1432,2014,Nov,Packers,Fair,53.0,6.0%
1433,2014,Nov,Eagles,Fair,67.0,45.0%
1434,2014,Nov,Dolphins,Fair,53.0,88.0%
1435,2014,Nov,Rams,Fair,47.0,45.0%
1436,2014,Nov,Bears,Fair,76.0,6.0%
1437,2014,Nov,Giants,Snow - Heavy,25.0,75.0%
1438,2014,Nov,Panthers,Fair,34.0,62.0%
1439,2014,Nov,Browns,Fair,76.0,6.0%
1440,2014,Nov,Redskins,Fair,47.0,45.0%
1441,2014,Nov,Chiefs,Fair,79.0,7.0%
1442,2014,Nov,Chargers,Fair,29.0,28.0%
1443,2014,Nov,Packers,Fair,29.0,28.0%
1444,2014,Nov,Cardinals,Fair,29.0,28.0%
1445,2014,Nov,Colts,Fair,67.0,17.0%
1446,2014,Nov,Titans,,,nan%
1447,2014,Nov,Raiders,Fair,49.0,77.0%
1448,2014,Nov,Colts,Fair,80.0,13.0%
1449,2014,Nov,Eagles,Fair,80.0,13.0%
1450,2014,Nov,Bears,Fair,66.0,45.0%
1451,2014,Nov,Patriots,Fair,80.0,13.0%
1452,2014,Nov,Chargers,Rain - Light,44.0,100.0%
1453,2014,Nov,Seahawks,Rain - Light,44.0,100.0%
1454,2014,Nov,49ers,Fair,44.0,1.0%
1455,2014,Nov,Broncos,Fair,73.0,18.0%
1456,2014,Nov,Giants,Fair,42.0,90.0%
1457,2014,Nov,Bills,Fair,67.0,8.0%
1458,2014,Nov,49ers,Fair,46.0,47.0%
1459,2014,Nov,Rams,Fair,59.0,29.0%
1460,2014,Nov,Steelers,Fair,32.0,7.0%
1461,2014,Nov,Colts,Fair,79.0,63.0%
1462,2014,Nov,Bills,Fair,79.0,63.0%
1463,2014,Nov,Buccaneers,Fair,61.0,56.0%
1464,2014,Nov,Ravens,Fair,79.0,63.0%
1465,2014,Nov,Jaguars,Fair,32.0,7.0%
1466,2014,Nov,Packers,Fair,33.0,11.0%
1467,2014,Nov,Chiefs,Fair,72.0,76.0%
1468,2014,Dec,Jets,Fair,23.0,2.0%
1469,2014,Dec,Bears,Fair,67.0,4.0%
1470,2014,Dec,Bengals,Fair,68.0,43.0%
1471,2014,Dec,Dolphins,Fair,48.0,68.0%
1472,2014,Dec,Browns,Fair,83.0,11.0%
1473,2014,Dec,Redskins,Fair,44.0,0.0%
1474,2014,Dec,Titans,,,nan%
1475,2014,Dec,Jaguars,Fair,44.0,100.0%
1476,2014,Dec,Broncos,Fair,63.0,31.0%
1477,2014,Dec,Cardinals,Rain - Light,47.0,33.0%
1478,2014,Dec,Raiders,Fair,43.0,5.0%
1479,2014,Dec,Eagles,Fair,63.0,31.0%
1480,2014,Dec,Chargers,Fair,41.0,9.0%
1481,2014,Dec,Packers,Fair,43.0,52.0%
1482,2014,Dec,Rams,Fair,36.0,81.0%
1483,2014,Dec,Bills,Fair,62.0,6.0%
1484,2014,Dec,Ravens,Fair,62.0,6.0%
1485,2014,Dec,Browns,Fair,76.0,18.0%
1486,2014,Dec,Patriots,Fair,62.0,6.0%
1487,2014,Dec,Colts,Fair,62.0,6.0%
1488,2014,Dec,Giants,Fair,59.0,100.0%
1489,2014,Dec,Chiefs,Fair,62.0,6.0%
1490,2014,Dec,Panthers,Fair,49.0,98.0%
1491,2014,Dec,Chargers,Rain - Normal,56.0,100.0%
1492,2014,Dec,Titans,,,nan%
1493,2014,Dec,Seahawks,Rain - Normal,56.0,100.0%
1494,2014,Dec,Eagles,Fair,53.0,5.0%
1495,2014,Dec,Bears,Fair,65.0,44.0%
1496,2014,Dec,Jaguars,Fair,31.0,76.0%
1497,2014,Dec,Redskins,Fair,35.0,4.0%
1498,2014,Dec,49ers,Fair,44.0,22.0%
1499,2014,Dec,Jets,Fair,43.0,100.0%
1500,2014,Dec,Steelers,Fair,43.0,100.0%
1501,2014,Dec,Bears,Fair,84.0,4.0%
1502,2014,Dec,Dolphins,Fair,48.0,27.0%
1503,2014,Dec,Buccaneers,Fair,51.0,26.0%
1504,2014,Dec,Panthers,Fair,33.0,51.0%
1505,2014,Dec,Rams,Fair,36.0,5.0%
1506,2014,Dec,Raiders,Fair,53.0,48.0%
1507,2014,Dec,Cardinals,Fair,42.0,100.0%
1508,2014,Dec,Bengals,Fair,47.0,0.0%
1509,2014,Dec,Dolphins,Fair,40.0,15.0%
1510,2014,Dec,Titans,,,nan%
1511,2014,Dec,Giants,Fair,37.0,0.0%
1512,2014,Dec,Ravens,Fair,64.0,72.0%
1513,2014,Dec,Patriots,Fair,64.0,72.0%
1514,2014,Dec,Buccaneers,Fair,45.0,21.0%
1515,2014,Dec,Chiefs,Fair,64.0,72.0%
1516,2014,Dec,Redskins,Fair,58.0,100.0%
1517,2014,Dec,49ers,Fair,39.0,22.0%
1518,2014,Dec,Packers,Fair,40.0,11.0%
1519,2014,Dec,Broncos,Fair,60.0,78.0%
1520,2014,Dec,Seahawks,Fair,40.0,11.0%
1521,2014,Dec,Steelers,Fair,29.0,9.0%
1522,2014,Jan,Panthers,Fair,11.0,13.0%
1523,2014,Jan,Steelers,Fair,35.0,8.0%
1524,2014,Jan,Colts,Fair,71.0,22.0%
1525,2014,Jan,Patriots,Fair,57.0,16.0%
1526,2014,Jan,Seahawks,Fair,36.0,21.0%
1527,2014,Jan,Packers,Fair,48.0,3.0%
1528,2014,Jan,Broncos,Fair,67.0,5.0%
1529,2014,Jan,Seahawks,Fair,52.0,12.0%
1530,2014,Jan,Patriots,Fair,54.0,0.0%
1531,2014,Feb,Patriots,Fair,71.0,0.0%
1532,2015,Sep,Patriots,Fair,77.0,58.0%
1533,2015,Sep,Rams,Fair,71.0,39.0%
1534,2015,Sep,Bears,Fair,78.0,7.0%
1535,2015,Sep,Redskins,Fair,71.0,36.0%
1536,2015,Sep,Jaguars,Rain - Light,81.0,13.0%
1537,2015,Sep,Bills,Fair,83.0,22.0%
1538,2015,Sep,Jets,Rain - Light,81.0,13.0%
1539,2015,Sep,Chargers,Fair,88.0,5.0%
1540,2015,Sep,Cardinals,Fair,88.0,5.0%
1541,2015,Sep,Broncos,Fair,81.0,13.0%
1542,2015,Sep,Buccaneers,Fair,80.0,45.0%
1543,2015,Sep,Raiders,Rain - Light,59.0,64.0%
1544,2015,Sep,49ers,Rain - Light,54.0,100.0%
1545,2015,Sep,Chiefs,Fair,78.0,42.0%
1546,2015,Sep,Bears,Fair,77.0,7.0%
1547,2015,Sep,Browns,Fair,77.0,7.0%
1548,2015,Sep,Giants,Fair,78.0,27.0%
1549,2015,Sep,Panthers,Fair,67.0,100.0%
1550,2015,Sep,Steelers,Fair,78.0,27.0%
1551,2015,Sep,Bills,Fair,85.0,43.0%
1552,2015,Sep,Bengals,Fair,85.0,43.0%
1553,2015,Sep,Redskins,Fair,76.0,21.0%
1554,2015,Sep,Jaguars,Rain - Light,79.0,49.0%
1555,2015,Sep,Raiders,Rain - Normal,58.0,61.0%
1556,2015,Sep,Eagles,Rain - Heavy,82.0,79.0%
1557,2015,Sep,Packers,Rain - Light,73.0,53.0%
1558,2015,Sep,Colts,Rain - Light,75.0,93.0%
1559,2015,Sep,Giants,Fair,78.0,12.0%
1560,2015,Sep,Rams,Fair,72.0,84.0%
1561,2015,Sep,Browns,Fair,82.0,3.0%
1562,2015,Sep,Ravens,Rain - Light,84.0,41.0%
1563,2015,Sep,Titans,,,nan%
1564,2015,Sep,Jets,Fair,81.0,6.0%
1565,2015,Sep,Panthers,Fair,75.0,91.0%
1566,2015,Sep,Patriots,Rain - Light,84.0,41.0%
1567,2015,Sep,Cardinals,Fair,83.0,7.0%
1568,2015,Sep,Dolphins,Fair,63.0,0.0%
1569,2015,Sep,Seahawks,Fair,83.0,7.0%
1570,2015,Sep,Packers,Fair,77.0,8.0%
1571,2015,Oct,Steelers,Fair,65.0,23.0%
1572,2015,Oct,Dolphins,Fair,55.0,9.0%
1573,2015,Oct,Colts,Rain - Normal,85.0,22.0%
1574,2015,Oct,Bills,Rain - Normal,85.0,22.0%
1575,2015,Oct,Bears,Fair,87.0,0.0%
1576,2015,Oct,Bengals,Rain - Normal,85.0,22.0%
1577,2015,Oct,Redskins,Fair,61.0,95.0%
1578,2015,Oct,Buccaneers,Fair,78.0,3.0%
1579,2015,Oct,Chargers,Fair,73.0,16.0%
1580,2015,Oct,Cardinals,Fair,73.0,16.0%
1581,2015,Oct,Broncos,Rain - Normal,82.0,27.0%
1582,2015,Oct,49ers,Fair,57.0,61.0%
1583,2015,Oct,Seahawks,Rain - Light,58.0,53.0%
1584,2015,Oct,Ravens,Fair,77.0,50.0%
1585,2015,Oct,Chiefs,Fair,77.0,50.0%
1586,2015,Oct,Packers,Fair,84.0,0.0%
1587,2015,Oct,Buccaneers,Rain - Light,68.0,25.0%
1588,2015,Oct,Bengals,Fair,77.0,50.0%
1589,2015,Oct,Titans,,,nan%
1590,2015,Oct,Eagles,Fair,77.0,50.0%
1591,2015,Oct,Raiders,Rain - Light,58.0,67.0%
1592,2015,Oct,Giants,Fair,77.0,0.0%
1593,2015,Oct,Chargers,Fair,68.0,0.0%
1594,2015,Oct,Jets,Fair,71.0,4.0%
1595,2015,Oct,Bills,Fair,80.0,0.0%
1596,2015,Oct,Browns,Fair,81.0,6.0%
1597,2015,Oct,Jaguars,Fair,71.0,4.0%
1598,2015,Oct,Titans,,,nan%
1599,2015,Oct,Steelers,Fair,71.0,4.0%
1600,2015,Oct,Seahawks,Fair,76.0,5.0%
1601,2015,Oct,Packers,Fair,76.0,5.0%
1602,2015,Oct,49ers,Fair,55.0,92.0%
1603,2015,Oct,Colts,Fair,72.0,17.0%
1604,2015,Oct,Eagles,Fair,74.0,30.0%
1605,2015,Oct,49ers,Fair,51.0,22.0%
1606,2015,Oct,Jaguars,Fair,55.0,0.0%
1607,2015,Oct,Rams,Rain - Light,70.0,89.0%
1608,2015,Oct,Patriots,Fair,82.0,8.0%
1609,2015,Oct,Dolphins,Fair,53.0,93.0%
1610,2015,Oct,Titans,,,nan%
1611,2015,Oct,Colts,Fair,82.0,8.0%
1612,2015,Oct,Chiefs,Fair,82.0,8.0%
1613,2015,Oct,Redskins,Fair,69.0,85.0%
1614,2015,Oct,Chargers,Fair,67.0,0.0%
1615,2015,Oct,Giants,Fair,67.0,0.0%
1616,2015,Oct,Panthers,Fair,48.0,12.0%
1617,2015,Oct,Cardinals,Fair,54.0,4.0%
1618,2015,Oct,Patriots,Fair,74.0,17.0%
1619,2015,Nov,Chiefs,Fair,70.0,69.0%
1620,2015,Nov,Rams,Rain - Light,63.0,28.0%
1621,2015,Nov,Bears,Fair,93.0,46.0%
1622,2015,Nov,Steelers,Fair,71.0,0.0%
1623,2015,Nov,Ravens,Fair,77.0,75.0%
1624,2015,Nov,Browns,Fair,93.0,46.0%
1625,2015,Nov,Raiders,Fair,60.0,8.0%
1626,2015,Nov,Broncos,Fair,71.0,68.0%
1627,2015,Nov,Panthers,Fair,55.0,7.0%
1628,2015,Nov,Bengals,Fair,73.0,18.0%
1629,2015,Nov,Bills,Fair,85.0,5.0%
1630,2015,Nov,Patriots,Fair,85.0,5.0%
1631,2015,Nov,Jets,Fair,58.0,2.0%
1632,2015,Nov,Steelers,Fair,58.0,2.0%
1633,2015,Nov,Panthers,Fair,48.0,0.0%
1634,2015,Nov,Buccaneers,Fair,63.0,100.0%
1635,2015,Nov,49ers,Rain - Light,56.0,66.0%
1636,2015,Nov,Colts,Fair,81.0,5.0%
1637,2015,Nov,Chargers,Fair,53.0,21.0%
1638,2015,Nov,Jets,Fair,48.0,2.0%
1639,2015,Nov,Rams,Fair,61.0,0.0%
1640,2015,Nov,Titans,,,nan%
1641,2015,Nov,Packers,Fair,61.0,47.0%
1642,2015,Nov,Steelers,Fair,61.0,47.0%
1643,2015,Nov,Ravens,Fair,78.0,14.0%
1644,2015,Nov,Buccaneers,Fair,67.0,8.0%
1645,2015,Nov,Eagles,Fair,78.0,14.0%
1646,2015,Nov,Redskins,Fair,60.0,0.0%
1647,2015,Nov,Raiders,Rain - Light,60.0,71.0%
1648,2015,Nov,Broncos,Fair,74.0,36.0%
1649,2015,Nov,Giants,Fair,59.0,69.0%
1650,2015,Nov,Seahawks,Fair,56.0,100.0%
1651,2015,Nov,Bengals,Fair,73.0,42.0%
1652,2015,Nov,Jaguars,Fair,44.0,3.0%
1653,2015,Nov,Eagles,Fair,79.0,46.0%
1654,2015,Nov,Ravens,Fair,79.0,46.0%
1655,2015,Nov,Bears,Fair,76.0,0.0%
1656,2015,Nov,Panthers,Fair,26.0,2.0%
1657,2015,Nov,Dolphins,Fair,42.0,47.0%
1658,2015,Nov,Chargers,Fair,57.0,0.0%
1659,2015,Nov,Seahawks,Fair,57.0,0.0%
1660,2015,Nov,Cardinals,Fair,44.0,0.0%
1661,2015,Nov,Patriots,Fair,72.0,10.0%
1662,2015,Nov,Packers,Rain - Normal,33.0,100.0%
1663,2015,Nov,Jets,Rain - Heavy,31.0,100.0%
1664,2015,Nov,Titans,,,nan%
1665,2015,Nov,Colts,Fair,75.0,45.0%
1666,2015,Nov,Bengals,Fair,75.0,45.0%
1667,2015,Nov,Redskins,Rain - Light,48.0,100.0%
1668,2015,Nov,Chiefs,Fair,75.0,45.0%
1669,2015,Nov,Jaguars,Rain - Heavy,31.0,100.0%
1670,2015,Nov,49ers,Fair,48.0,32.0%
1671,2015,Nov,Seahawks,Rain - Heavy,32.0,100.0%
1672,2015,Nov,Broncos,Fair,67.0,48.0%
1673,2015,Nov,Browns,Fair,73.0,3.0%
1674,2015,Dec,Rams,Fair,56.0,1.0%
1675,2015,Dec,Titans,,,nan%
1676,2015,Dec,Bears,Fair,92.0,2.0%
1677,2015,Dec,Bills,Rain - Light,67.0,54.0%
1678,2015,Dec,Buccaneers,Fair,54.0,17.0%
1679,2015,Dec,Browns,Fair,92.0,2.0%
1680,2015,Dec,Dolphins,Fair,57.0,97.0%
1681,2015,Dec,Giants,Fair,53.0,0.0%
1682,2015,Dec,Chargers,Fair,56.0,0.0%
1683,2015,Dec,Raiders,Fair,46.0,49.0%
1684,2015,Dec,Patriots,Fair,64.0,70.0%
1685,2015,Dec,Steelers,Fair,42.0,4.0%
1686,2015,Dec,Redskins,Fair,44.0,9.0%
1687,2015,Dec,Cardinals,Fair,49.0,23.0%
1688,2015,Dec,Eagles,Fair,69.0,46.0%
1689,2015,Dec,Buccaneers,Rain - Light,51.0,100.0%
1690,2015,Dec,Jets,Fair,45.0,100.0%
1691,2015,Dec,Ravens,Fair,69.0,46.0%
1692,2015,Dec,Bears,Fair,87.0,0.0%
1693,2015,Dec,Jaguars,Fair,45.0,100.0%
1694,2015,Dec,Bengals,Fair,69.0,46.0%
1695,2015,Dec,Rams,Fair,71.0,5.0%
1696,2015,Dec,Browns,Fair,87.0,0.0%
1697,2015,Dec,Panthers,Fair,63.0,83.0%
1698,2015,Dec,Chiefs,Fair,69.0,46.0%
1699,2015,Dec,Broncos,Fair,67.0,68.0%
1700,2015,Dec,Packers,Rain - Light,42.0,100.0%
1701,2015,Dec,Dolphins,Fair,46.0,60.0%
1702,2015,Dec,Rams,Fog/Mist,49.0,91.0%
1703,2015,Dec,Giants,Fair,39.0,36.0%
1704,2015,Dec,Colts,Fair,67.0,16.0%
1705,2015,Dec,Patriots,Fair,67.0,16.0%
1706,2015,Dec,Jaguars,Fair,39.0,36.0%
1707,2015,Dec,Ravens,Fair,67.0,16.0%
1708,2015,Dec,Redskins,Fair,42.0,55.0%
1709,2015,Dec,Raiders,Rain - Light,45.0,61.0%
1710,2015,Dec,Seahawks,Rain - Light,42.0,76.0%
1711,2015,Dec,Chargers,Rain - Light,42.0,76.0%
1712,2015,Dec,49ers,Rain - Light,45.0,61.0%
1713,2015,Dec,Steelers,Rain - Light,42.0,76.0%
1714,2015,Dec,Eagles,Fair,58.0,36.0%
1715,2015,Dec,Raiders,Fair,41.0,5.0%
1716,2015,Dec,Eagles,Fair,59.0,83.0%
1717,2015,Dec,Titans,,,nan%
1718,2015,Dec,Ravens,Rain - Light,63.0,83.0%
1719,2015,Dec,Bills,Rain - Light,63.0,83.0%
1720,2015,Dec,Dolphins,Fair,57.0,100.0%
1721,2015,Dec,Jets,Snow - Heavy,28.0,100.0%
1722,2015,Dec,Chiefs,Rain - Light,63.0,83.0%
1723,2015,Dec,Buccaneers,Fair,49.0,12.0%
1724,2015,Dec,Cardinals,Snow - Normal,28.0,81.0%
1725,2015,Dec,Seahawks,Snow - Normal,28.0,81.0%
1726,2015,Dec,Broncos,Fair,58.0,19.0%
1727,2015,Jan,Bears,Rain - Light,83.0,15.0%
1728,2015,Jan,Colts,Fair,67.0,0.0%
1729,2015,Jan,Bengals,Fair,67.0,0.0%
1730,2015,Jan,Dolphins,Rain - Normal,40.0,100.0%
1731,2015,Jan,Browns,Rain - Light,83.0,15.0%
1732,2015,Jan,Bills,Fair,67.0,0.0%
1733,2015,Jan,Giants,Fair,35.0,54.0%
1734,2015,Jan,Broncos,Fair,64.0,0.0%
1735,2015,Jan,49ers,Fair,40.0,27.0%
1736,2015,Jan,Panthers,Rain - Normal,33.0,100.0%
1737,2015,Jan,Cardinals,Snow - Heavy,35.0,67.0%
1738,2015,Jan,Chiefs,Fair,64.0,0.0%
1739,2015,Jan,Packers,Snow - Heavy,32.0,95.0%
1740,2015,Jan,Bengals,Fair,50.0,20.0%
1741,2015,Jan,Redskins,Fair,30.0,0.0%
1742,2015,Jan,Patriots,Fair,62.0,0.0%
1743,2015,Jan,Cardinals,Fair,48.0,33.0%
1744,2015,Jan,Panthers,Fair,34.0,53.0%
1745,2015,Jan,Broncos,Fair,56.0,3.0%
1746,2015,Jan,Broncos,Fair,64.0,40.0%
1747,2015,Jan,Panthers,Fair,33.0,100.0%
1748,2015,Feb,Broncos,Fair,58.0,57.0%
